[{"model": "admin.logentry", "pk": 3, "fields": {"action_time": "2024-07-27T08:53:37.943Z", "user": 4, "content_type": 10, "object_id": "1", "object_repr": "forget_password ", "action_flag": 1, "change_message": "[{\"added\": {}}]"}}, {"model": "admin.logentry", "pk": 4, "fields": {"action_time": "2024-07-27T08:54:13.563Z", "user": 4, "content_type": 10, "object_id": "2", "object_repr": "otp ", "action_flag": 1, "change_message": "[{\"added\": {}}]"}}, {"model": "admin.logentry", "pk": 5, "fields": {"action_time": "2024-07-27T09:02:30.021Z", "user": 4, "content_type": 10, "object_id": "1", "object_repr": "forget_password ", "action_flag": 2, "change_message": "[{\"changed\": {\"fields\": [\"HTML content\"]}}]"}}, {"model": "admin.logentry", "pk": 6, "fields": {"action_time": "2024-07-27T09:09:15.977Z", "user": 4, "content_type": 10, "object_id": "1", "object_repr": "forget_password ", "action_flag": 2, "change_message": "[{\"changed\": {\"fields\": [\"HTML content\"]}}]"}}, {"model": "admin.logentry", "pk": 7, "fields": {"action_time": "2024-07-27T09:14:25.655Z", "user": 4, "content_type": 10, "object_id": "2", "object_repr": "otp ", "action_flag": 2, "change_message": "[{\"changed\": {\"fields\": [\"HTML content\"]}}]"}}, {"model": "admin.logentry", "pk": 8, "fields": {"action_time": "2024-07-27T09:32:14.196Z", "user": 4, "content_type": 4, "object_id": "4", "object_repr": "a44a7f09560e49408c3eb5d44c7f2bde", "action_flag": 2, "change_message": "[{\"changed\": {\"fields\": [\"password\"]}}]"}}, {"model": "auth.permission", "pk": 1, "fields": {"name": "Can add log entry", "content_type": 1, "codename": "add_logentry"}}, {"model": "auth.permission", "pk": 2, "fields": {"name": "Can change log entry", "content_type": 1, "codename": "change_logentry"}}, {"model": "auth.permission", "pk": 3, "fields": {"name": "Can delete log entry", "content_type": 1, "codename": "delete_logentry"}}, {"model": "auth.permission", "pk": 4, "fields": {"name": "Can view log entry", "content_type": 1, "codename": "view_logentry"}}, {"model": "auth.permission", "pk": 5, "fields": {"name": "Can add permission", "content_type": 2, "codename": "add_permission"}}, {"model": "auth.permission", "pk": 6, "fields": {"name": "Can change permission", "content_type": 2, "codename": "change_permission"}}, {"model": "auth.permission", "pk": 7, "fields": {"name": "Can delete permission", "content_type": 2, "codename": "delete_permission"}}, {"model": "auth.permission", "pk": 8, "fields": {"name": "Can view permission", "content_type": 2, "codename": "view_permission"}}, {"model": "auth.permission", "pk": 9, "fields": {"name": "Can add group", "content_type": 3, "codename": "add_group"}}, {"model": "auth.permission", "pk": 10, "fields": {"name": "Can change group", "content_type": 3, "codename": "change_group"}}, {"model": "auth.permission", "pk": 11, "fields": {"name": "Can delete group", "content_type": 3, "codename": "delete_group"}}, {"model": "auth.permission", "pk": 12, "fields": {"name": "Can view group", "content_type": 3, "codename": "view_group"}}, {"model": "auth.permission", "pk": 13, "fields": {"name": "Can add user", "content_type": 4, "codename": "add_user"}}, {"model": "auth.permission", "pk": 14, "fields": {"name": "Can change user", "content_type": 4, "codename": "change_user"}}, {"model": "auth.permission", "pk": 15, "fields": {"name": "Can delete user", "content_type": 4, "codename": "delete_user"}}, {"model": "auth.permission", "pk": 16, "fields": {"name": "Can view user", "content_type": 4, "codename": "view_user"}}, {"model": "auth.permission", "pk": 17, "fields": {"name": "Can add content type", "content_type": 5, "codename": "add_contenttype"}}, {"model": "auth.permission", "pk": 18, "fields": {"name": "Can change content type", "content_type": 5, "codename": "change_contenttype"}}, {"model": "auth.permission", "pk": 19, "fields": {"name": "Can delete content type", "content_type": 5, "codename": "delete_contenttype"}}, {"model": "auth.permission", "pk": 20, "fields": {"name": "Can view content type", "content_type": 5, "codename": "view_contenttype"}}, {"model": "auth.permission", "pk": 21, "fields": {"name": "Can add session", "content_type": 6, "codename": "add_session"}}, {"model": "auth.permission", "pk": 22, "fields": {"name": "Can change session", "content_type": 6, "codename": "change_session"}}, {"model": "auth.permission", "pk": 23, "fields": {"name": "Can delete session", "content_type": 6, "codename": "delete_session"}}, {"model": "auth.permission", "pk": 24, "fields": {"name": "Can view session", "content_type": 6, "codename": "view_session"}}, {"model": "auth.permission", "pk": 25, "fields": {"name": "Can add refresh token", "content_type": 7, "codename": "add_refreshtoken"}}, {"model": "auth.permission", "pk": 26, "fields": {"name": "Can change refresh token", "content_type": 7, "codename": "change_refreshtoken"}}, {"model": "auth.permission", "pk": 27, "fields": {"name": "Can delete refresh token", "content_type": 7, "codename": "delete_refreshtoken"}}, {"model": "auth.permission", "pk": 28, "fields": {"name": "Can view refresh token", "content_type": 7, "codename": "view_refreshtoken"}}, {"model": "auth.permission", "pk": 29, "fields": {"name": "Can add Attachment", "content_type": 8, "codename": "add_attachment"}}, {"model": "auth.permission", "pk": 30, "fields": {"name": "Can change Attachment", "content_type": 8, "codename": "change_attachment"}}, {"model": "auth.permission", "pk": 31, "fields": {"name": "Can delete Attachment", "content_type": 8, "codename": "delete_attachment"}}, {"model": "auth.permission", "pk": 32, "fields": {"name": "Can view Attachment", "content_type": 8, "codename": "view_attachment"}}, {"model": "auth.permission", "pk": 33, "fields": {"name": "Can add Email", "content_type": 9, "codename": "add_email"}}, {"model": "auth.permission", "pk": 34, "fields": {"name": "Can change Email", "content_type": 9, "codename": "change_email"}}, {"model": "auth.permission", "pk": 35, "fields": {"name": "Can delete Email", "content_type": 9, "codename": "delete_email"}}, {"model": "auth.permission", "pk": 36, "fields": {"name": "Can view Email", "content_type": 9, "codename": "view_email"}}, {"model": "auth.permission", "pk": 37, "fields": {"name": "Can add Email Template", "content_type": 10, "codename": "add_emailtemplate"}}, {"model": "auth.permission", "pk": 38, "fields": {"name": "Can change Email Template", "content_type": 10, "codename": "change_emailtemplate"}}, {"model": "auth.permission", "pk": 39, "fields": {"name": "Can delete Email Template", "content_type": 10, "codename": "delete_emailtemplate"}}, {"model": "auth.permission", "pk": 40, "fields": {"name": "Can view Email Template", "content_type": 10, "codename": "view_emailtemplate"}}, {"model": "auth.permission", "pk": 41, "fields": {"name": "Can add Log", "content_type": 11, "codename": "add_log"}}, {"model": "auth.permission", "pk": 42, "fields": {"name": "Can change Log", "content_type": 11, "codename": "change_log"}}, {"model": "auth.permission", "pk": 43, "fields": {"name": "Can delete Log", "content_type": 11, "codename": "delete_log"}}, {"model": "auth.permission", "pk": 44, "fields": {"name": "Can view Log", "content_type": 11, "codename": "view_log"}}, {"model": "auth.permission", "pk": 45, "fields": {"name": "Can add otp", "content_type": 12, "codename": "add_otp"}}, {"model": "auth.permission", "pk": 46, "fields": {"name": "Can change otp", "content_type": 12, "codename": "change_otp"}}, {"model": "auth.permission", "pk": 47, "fields": {"name": "Can delete otp", "content_type": 12, "codename": "delete_otp"}}, {"model": "auth.permission", "pk": 48, "fields": {"name": "Can view otp", "content_type": 12, "codename": "view_otp"}}, {"model": "auth.user", "pk": 4, "fields": {"password": "pbkdf2_sha256$600000$dG2jRdHuH2utnnMJHWuIJ4$q/Upe1delCVQ3LPXa3wve40LG0clG9eq2FWVoFnGQ1w=", "last_login": "2024-07-31T03:55:08.260Z", "is_superuser": true, "username": "a44a7f09560e49408c3eb5d44c7f2bde", "first_name": "", "last_name": "", "email": "sanjay.shah@ooumph.com", "is_staff": true, "is_active": true, "date_joined": "2024-07-27T08:17:01.141Z", "groups": [], "user_permissions": []}}, {"model": "auth.user", "pk": 5, "fields": {"password": "pbkdf2_sha256$600000$gencTsQdOnFDZjxGo9rKQU$SldBySFjOjNyvOPLWazFJVdlc2Z4nl8YN9GjZD0WaGU=", "last_login": "2024-07-29T05:08:21.986Z", "is_superuser": false, "username": "ed4e8267ae49414fb987b8e972d17e53", "first_name": "", "last_name": "", "email": "prakhar060703@gmail.com", "is_staff": false, "is_active": true, "date_joined": "2024-07-29T05:01:52.028Z", "groups": [], "user_permissions": []}}, {"model": "auth.user", "pk": 6, "fields": {"password": "pbkdf2_sha256$600000$nkkwRABB3D3Ii23U6h303k$BvQ/MHXMiMYLTKIx2CZidfix4Mme3tDOFa1J/O0Q3GY=", "last_login": "2024-08-18T09:13:22.355Z", "is_superuser": false, "username": "83b3ca4c197e4c358ab903e10ade00cf", "first_name": "", "last_name": "", "email": "dipanshu.singh@ooumph.com", "is_staff": false, "is_active": true, "date_joined": "2024-08-01T04:51:49.232Z", "groups": [], "user_permissions": []}}, {"model": "auth.user", "pk": 7, "fields": {"password": "pbkdf2_sha256$600000$2HPA4VknSKFFfh5D4R0cGU$ltKRM86OH9zf5g7JD6AoOZQXmrhr2OuBP2S32tlF06k=", "last_login": null, "is_superuser": false, "username": "c1e75436f01e4b34af243e99a2423e84", "first_name": "prakhar", "last_name": "prajapati", "email": "ashoka@gmail.com", "is_staff": false, "is_active": true, "date_joined": "2024-08-15T07:57:03.923Z", "groups": [], "user_permissions": []}}, {"model": "auth.user", "pk": 8, "fields": {"password": "pbkdf2_sha256$600000$EMaQzBvQ4kros8sqM6pswL$t+bvz8EDREVM319tQ3AruzzBez7Us9iWcEZZK+uq4s8=", "last_login": null, "is_superuser": false, "username": "6e8c49f854ac40b6b060c8cc7ff65439", "first_name": "", "last_name": "", "email": "dipanshupratapgar@gmail.com", "is_staff": false, "is_active": true, "date_joined": "2024-08-16T14:06:01.813Z", "groups": [], "user_permissions": []}}, {"model": "auth.user", "pk": 9, "fields": {"password": "pbkdf2_sha256$600000$0rts6PquSY7I3fRm3LVDBJ$OGIAIjWUOX20tXwX7SCpPquXlDOqUgZFwl48+uMucDs=", "last_login": null, "is_superuser": false, "username": "f8003492b3a14379a60e1d6acd0316d9", "first_name": "", "last_name": "", "email": "dipanshupratapgarh@gmail.com", "is_staff": false, "is_active": true, "date_joined": "2024-08-16T20:00:26.881Z", "groups": [], "user_permissions": []}}, {"model": "auth.user", "pk": 10, "fields": {"password": "pbkdf2_sha256$600000$wfYhZdCiM2VEQFK1VrtBFK$ZTOJS+8DuIBN4NXhARv4gh5D6CrcVY0lXfg9RVYZvo0=", "last_login": null, "is_superuser": false, "username": "dd3b956748bb4977b1b8c39fcb77aab6", "first_name": "Dipanshu", "last_name": "Singh", "email": "dipanshu@gmail.com", "is_staff": false, "is_active": true, "date_joined": "2024-08-17T06:43:57.007Z", "groups": [], "user_permissions": []}}, {"model": "auth.user", "pk": 11, "fields": {"password": "pbkdf2_sha256$600000$a36H8WnTBV66EBYTmYQlC0$dt2pkC5hMEpw6KYpYzLj8nM/c9tD8VbWAmFFWWfCZPQ=", "last_login": null, "is_superuser": false, "username": "2c76cc207c954ba9933a9b002d7c6191", "first_name": "", "last_name": "", "email": "dipanshu1@gmail.com", "is_staff": false, "is_active": true, "date_joined": "2024-08-17T08:16:24.216Z", "groups": [], "user_permissions": []}}, {"model": "auth.user", "pk": 12, "fields": {"password": "pbkdf2_sha256$600000$OHBkgQpnE9jhXAgiaUayo4$peB0B9vMjX/DAT686DXePtuMugp6EoNOY/t1Ke5SNdk=", "last_login": null, "is_superuser": false, "username": "55b2352523aa46c7b31875dbea00ce65", "first_name": "Dipanshu", "last_name": "Singh", "email": "dipanshu12@gmail.com", "is_staff": false, "is_active": true, "date_joined": "2024-08-17T09:01:43.490Z", "groups": [], "user_permissions": []}}, {"model": "auth.user", "pk": 13, "fields": {"password": "pbkdf2_sha256$600000$17Kl2H0pBaEWR8HpOhjb4O$Ck83fulFuIC1ScJStwvyPvnGk6to2EPGdg7EINghvSs=", "last_login": null, "is_superuser": false, "username": "4a38c0843e674fac86562c4085920082", "first_name": "Dipanshu", "last_name": "Singh", "email": "dipanshu123@gmail.com", "is_staff": false, "is_active": true, "date_joined": "2024-08-17T10:52:06.848Z", "groups": [], "user_permissions": []}}, {"model": "auth.user", "pk": 14, "fields": {"password": "pbkdf2_sha256$600000$XIGrTc32L4IcinWZgnIGnS$fXufN0ezs9ZRffa6Z5qVwNjW4+crjv+UXQTITwMnJs0=", "last_login": null, "is_superuser": false, "username": "6a92f4f66f774abbbde1506a71a73b1c", "first_name": "Dipanshu", "last_name": "Singh", "email": "udr9044@gmail.com", "is_staff": false, "is_active": true, "date_joined": "2024-08-17T17:27:46.857Z", "groups": [], "user_permissions": []}}, {"model": "auth.user", "pk": 15, "fields": {"password": "pbkdf2_sha256$600000$2ZhbRDLr9j2dQeT5eWe7g8$mkJ9HKUybbNhn5YxsSH4dO6Dw2rH2+AuF/nG3yJLkKI=", "last_login": null, "is_superuser": false, "username": "00fd1dda627249cba5b74ba0855671c2", "first_name": "King", "last_name": "Kong", "email": "kojifod903@segichen.com", "is_staff": false, "is_active": true, "date_joined": "2024-08-17T17:42:36.716Z", "groups": [], "user_permissions": []}}, {"model": "auth.user", "pk": 16, "fields": {"password": "pbkdf2_sha256$600000$Z50IIqSCISyFghJ1FssgzC$blR68MgkzeCjefO9Y/oStaDKAeu5siKFqkLk1CdtoHI=", "last_login": null, "is_superuser": false, "username": "ca0d15a819374c54af51c1d6e052d7dc", "first_name": "Dipanshu", "last_name": "Singh", "email": "kojifod904@segichen.com", "is_staff": false, "is_active": true, "date_joined": "2024-08-17T18:18:02.237Z", "groups": [], "user_permissions": []}}, {"model": "auth.user", "pk": 17, "fields": {"password": "pbkdf2_sha256$600000$ab6yNYajniQjOia9keBVPx$V7JzyZujMimt75Bw94Xa3NAu7i3U0ki26GJ6L+nbxJ0=", "last_login": null, "is_superuser": false, "username": "8a347a6caa0848e8b35cf2dfc96475a8", "first_name": "", "last_name": "", "email": "kojifod905@segichen.com", "is_staff": false, "is_active": true, "date_joined": "2024-08-17T18:21:00.614Z", "groups": [], "user_permissions": []}}, {"model": "auth.user", "pk": 18, "fields": {"password": "pbkdf2_sha256$600000$WIyBnt7Sx21emNQehTKJkc$DkIvOdsDEYZuZAF24ggFYErYNkl8c7I3XO3z8yHEm4k=", "last_login": null, "is_superuser": false, "username": "8c8ba15134ff438084abdd1e17126cee", "first_name": "", "last_name": "", "email": "kojifod907@segichen.com", "is_staff": false, "is_active": true, "date_joined": "2024-08-17T18:21:23.430Z", "groups": [], "user_permissions": []}}, {"model": "auth.user", "pk": 19, "fields": {"password": "pbkdf2_sha256$600000$QahUjnrQgPYie1hsvS5MZI$e0jwOqE/MRkt5QZsbOF6QpPmp7zymL3FHKgZuU/m08Y=", "last_login": null, "is_superuser": false, "username": "237b1ba5e8ea4b7d8aad62cd1b960bcc", "first_name": "", "last_name": "", "email": "kojifod900@segichen.com", "is_staff": false, "is_active": true, "date_joined": "2024-08-17T18:22:12.430Z", "groups": [], "user_permissions": []}}, {"model": "auth.user", "pk": 20, "fields": {"password": "pbkdf2_sha256$600000$4K7xfoXNqhWnSR8l1MRvhz$uYD6vjR+8Icg6Ilwj1s8U/vQtcARPXCz8fqfR+uGhSg=", "last_login": null, "is_superuser": false, "username": "016c067ae6024a66a998570ff590a4b9", "first_name": "", "last_name": "", "email": "techagile2022@gmail.com", "is_staff": false, "is_active": true, "date_joined": "2024-08-17T19:03:30.980Z", "groups": [], "user_permissions": []}}, {"model": "auth.user", "pk": 21, "fields": {"password": "pbkdf2_sha256$600000$eFNKD9yBMlOa6ZFLgyJ5V1$na6p6zkyxY8pgruzBCmXRZlSvLGSIKczNOKa7zDgucw=", "last_login": null, "is_superuser": false, "username": "8421933027f348b081d806daf80c818c", "first_name": "", "last_name": "", "email": "dipanshu.sing@gmail.com", "is_staff": false, "is_active": true, "date_joined": "2024-08-17T19:19:49.063Z", "groups": [], "user_permissions": []}}, {"model": "auth.user", "pk": 22, "fields": {"password": "pbkdf2_sha256$600000$NPc7OUwJAfZDsKfisUqY67$uuSJNlRYdW6V1jgJhHY/2FwNQj4mG7bkntNMpQWaLO4=", "last_login": null, "is_superuser": false, "username": "0529159acd1444fab2345d19d7776b91", "first_name": "", "last_name": "", "email": "dipanshupratapga@gmail.com", "is_staff": false, "is_active": true, "date_joined": "2024-08-18T19:17:30.602Z", "groups": [], "user_permissions": []}}, {"model": "auth.user", "pk": 23, "fields": {"password": "pbkdf2_sha256$600000$xCZwLPRlUnDd8nu0kgJNSO$q34wyXTIoexIIzVtlS7Ia5pyzFXq9eQSc9HZP0+FWCQ=", "last_login": null, "is_superuser": false, "username": "b3a76442d5de4d6aa09cf189fc42f1f0", "first_name": "", "last_name": "", "email": "dipanshupratapgai@gmail.com", "is_staff": false, "is_active": true, "date_joined": "2024-08-18T19:19:02.141Z", "groups": [], "user_permissions": []}}, {"model": "auth.user", "pk": 24, "fields": {"password": "pbkdf2_sha256$600000$b8gJg9Ti2TPPMWg4YnNteX$Vu8oNzAGZBhHDzHt8Zj5WsfggSjNwX5ESrqX1DuJRRc=", "last_login": null, "is_superuser": false, "username": "a139714677ba4a818d77b23fbecf6cb3", "first_name": "", "last_name": "", "email": "dipanshu@ooumph.com", "is_staff": false, "is_active": true, "date_joined": "2024-08-18T20:07:51.056Z", "groups": [], "user_permissions": []}}, {"model": "auth.user", "pk": 25, "fields": {"password": "pbkdf2_sha256$600000$hl4pp8DgRT4PSm9ogvB6lu$G1fEA1DDDgbXp1QkAM15QKoiCUYB8zUrmMzLcZW1nD8=", "last_login": null, "is_superuser": false, "username": "0e75e07d92344db1a7ca508d07804bdb", "first_name": "", "last_name": "", "email": "dipanshus@ooumph.com", "is_staff": false, "is_active": true, "date_joined": "2024-08-18T20:09:53.973Z", "groups": [], "user_permissions": []}}, {"model": "auth.user", "pk": 26, "fields": {"password": "pbkdf2_sha256$600000$41zooZf0oAbtMfxEJJ5NqA$6Ek7j/NcwNpbiGwI+JrkUQP/QcbrWb9gkpZTZsJAF6U=", "last_login": null, "is_superuser": false, "username": "783da6d7c24943cdb371136f53e280e4", "first_name": "Dipanshu", "last_name": "Singh", "email": "dipanshuss@ooumph.com", "is_staff": false, "is_active": true, "date_joined": "2024-08-18T20:11:34.000Z", "groups": [], "user_permissions": []}}, {"model": "contenttypes.contenttype", "pk": 1, "fields": {"app_label": "admin", "model": "logentry"}}, {"model": "contenttypes.contenttype", "pk": 2, "fields": {"app_label": "auth", "model": "permission"}}, {"model": "contenttypes.contenttype", "pk": 3, "fields": {"app_label": "auth", "model": "group"}}, {"model": "contenttypes.contenttype", "pk": 4, "fields": {"app_label": "auth", "model": "user"}}, {"model": "contenttypes.contenttype", "pk": 5, "fields": {"app_label": "contenttypes", "model": "contenttype"}}, {"model": "contenttypes.contenttype", "pk": 6, "fields": {"app_label": "sessions", "model": "session"}}, {"model": "contenttypes.contenttype", "pk": 7, "fields": {"app_label": "refresh_token", "model": "refreshtoken"}}, {"model": "contenttypes.contenttype", "pk": 8, "fields": {"app_label": "post_office", "model": "attachment"}}, {"model": "contenttypes.contenttype", "pk": 9, "fields": {"app_label": "post_office", "model": "email"}}, {"model": "contenttypes.contenttype", "pk": 10, "fields": {"app_label": "post_office", "model": "emailtemplate"}}, {"model": "contenttypes.contenttype", "pk": 11, "fields": {"app_label": "post_office", "model": "log"}}, {"model": "contenttypes.contenttype", "pk": 12, "fields": {"app_label": "auth_manager", "model": "otp"}}, {"model": "contenttypes.contenttype", "pk": 13, "fields": {"app_label": "story", "model": "story"}}, {"model": "contenttypes.contenttype", "pk": 14, "fields": {"app_label": "auth_manager", "model": "profile"}}, {"model": "sessions.session", "pk": "i070y4rb18l9qiil4e5dab056lcvibvx", "fields": {"session_data": ".eJxVjLsOAiEUBf-F2hAITy3t_QYC9yGrBpJltzL-uyHZQtszM-ctUt63mvZBa1pQXIQVp9-tZHhSmwAfud27hN62dSlyKvKgQ9460ut6uH8HNY86a1YRIuiC4AKARm8MBMuWOTsHwSlkHSM4fVZMxSgC8IqYnDZGRS8-Xw5xOJM:1sYgk2:3WcdJAG0eVmrMsWui1jaqB5vRCi1RzatvHagbQPgy6U", "expire_date": "2024-08-13T06:53:50.813Z"}}, {"model": "sessions.session", "pk": "y12rr7uyg6hfztkmnichqb12bgb5c2v8", "fields": {"session_data": ".eJxVjLsOAiEUBf-F2hAITy3t_QYC9yGrBpJltzL-uyHZQtszM-ctUt63mvZBa1pQXIQVp9-tZHhSmwAfud27hN62dSlyKvKgQ9460ut6uH8HNY86a1YRIuiC4AKARm8MBMuWOTsHwSlkHSM4fVZMxSgC8IqYnDZGRS8-Xw5xOJM:1sZ0Qi:L38tsMKu7b7i2Xrbwp0T4LtKrY2iOGvZep9_Aq-VRu8", "expire_date": "2024-08-14T03:55:12.175Z"}}, {"model": "refresh_token.refreshtoken", "pk": 2, "fields": {"user": 4, "token": "35437edfb1180395e28d577ddd19235c4eee3bc5", "created": "2024-07-27T08:32:33.636Z", "revoked": null}}, {"model": "refresh_token.refreshtoken", "pk": 3, "fields": {"user": 4, "token": "5ec2b537fb677b82a4008cbbd8dd38d885a0cd88", "created": "2024-07-27T08:32:52.274Z", "revoked": null}}, {"model": "refresh_token.refreshtoken", "pk": 4, "fields": {"user": 4, "token": "bd3846bd1717382c49b6e9025c7554993261b825", "created": "2024-07-27T08:34:25.980Z", "revoked": null}}, {"model": "refresh_token.refreshtoken", "pk": 5, "fields": {"user": 4, "token": "4305cc1eb4d303ccb3cecc4f3477af0850e6480a", "created": "2024-07-27T08:54:38.396Z", "revoked": null}}, {"model": "refresh_token.refreshtoken", "pk": 6, "fields": {"user": 4, "token": "de09c77634944fe4b80c4786fbf0d19f55fb2e32", "created": "2024-07-27T08:57:49.361Z", "revoked": null}}, {"model": "refresh_token.refreshtoken", "pk": 7, "fields": {"user": 4, "token": "456e2ee1c1464a93510e250fa4f117e1b68c27cb", "created": "2024-07-27T08:58:16.653Z", "revoked": null}}, {"model": "refresh_token.refreshtoken", "pk": 8, "fields": {"user": 5, "token": "06dff88b91dccfdc8ae14e40286696cf0f494283", "created": "2024-07-29T05:01:52.776Z", "revoked": null}}, {"model": "refresh_token.refreshtoken", "pk": 9, "fields": {"user": 5, "token": "1c396de60bbdf5755da51fd08cff69efbc166176", "created": "2024-07-29T05:05:32.173Z", "revoked": null}}, {"model": "refresh_token.refreshtoken", "pk": 10, "fields": {"user": 5, "token": "f03e4779c377517b56b5a466c4b5fa7b3cabb2d8", "created": "2024-07-29T05:08:21.959Z", "revoked": null}}, {"model": "refresh_token.refreshtoken", "pk": 11, "fields": {"user": 6, "token": "53417ed0a0b2ebe2430dcf053f178a097fc0f040", "created": "2024-08-01T04:51:51.412Z", "revoked": null}}, {"model": "refresh_token.refreshtoken", "pk": 12, "fields": {"user": 6, "token": "7f6b5b481fc8e3df5baa6d6f3a34e96d9e3cf250", "created": "2024-08-01T04:53:10.014Z", "revoked": null}}, {"model": "refresh_token.refreshtoken", "pk": 13, "fields": {"user": 6, "token": "02307a39455516fdbfe02a345994dba25657b575", "created": "2024-08-01T09:59:22.403Z", "revoked": null}}, {"model": "refresh_token.refreshtoken", "pk": 14, "fields": {"user": 6, "token": "1a07e691b91958fa93680c3cf2d3ceb2af9e17e7", "created": "2024-08-02T04:37:57.194Z", "revoked": null}}, {"model": "refresh_token.refreshtoken", "pk": 15, "fields": {"user": 7, "token": "54406c87979ced9648c55b5f37fc4347348cc483", "created": "2024-08-15T07:57:05.343Z", "revoked": null}}, {"model": "refresh_token.refreshtoken", "pk": 16, "fields": {"user": 6, "token": "d3f46ccc5864f2b23e1052f0727007c9400ce99c", "created": "2024-08-16T13:45:04.177Z", "revoked": null}}, {"model": "refresh_token.refreshtoken", "pk": 17, "fields": {"user": 6, "token": "804280f817633cde18a8850837f7e658dba05d57", "created": "2024-08-16T13:46:07.584Z", "revoked": null}}, {"model": "refresh_token.refreshtoken", "pk": 18, "fields": {"user": 8, "token": "1e9de32bac0dff5e1dd25688a4cb05af8ea6e8ca", "created": "2024-08-16T14:06:03.637Z", "revoked": null}}, {"model": "refresh_token.refreshtoken", "pk": 19, "fields": {"user": 6, "token": "3643600ad4af0f6403c43249acebb3e8e21880a4", "created": "2024-08-16T16:26:37.622Z", "revoked": null}}, {"model": "refresh_token.refreshtoken", "pk": 20, "fields": {"user": 6, "token": "f92e155c3c8af20de1cc24562392098574533507", "created": "2024-08-16T17:11:01.109Z", "revoked": null}}, {"model": "refresh_token.refreshtoken", "pk": 21, "fields": {"user": 6, "token": "49af6d38957a75b8728aab0f38882310ce0284f8", "created": "2024-08-16T17:18:48.620Z", "revoked": null}}, {"model": "refresh_token.refreshtoken", "pk": 22, "fields": {"user": 6, "token": "491fe8c1a7772f261ebbced41f6fb10d654c0b8b", "created": "2024-08-16T17:22:56.351Z", "revoked": null}}, {"model": "refresh_token.refreshtoken", "pk": 23, "fields": {"user": 6, "token": "284425f72ab5ae89674c71158e9d28171dc9e7d3", "created": "2024-08-16T19:08:16.094Z", "revoked": null}}, {"model": "refresh_token.refreshtoken", "pk": 24, "fields": {"user": 6, "token": "f9619338345bd85fec708aa69b76d20241c3ecc4", "created": "2024-08-16T19:08:24.919Z", "revoked": null}}, {"model": "refresh_token.refreshtoken", "pk": 25, "fields": {"user": 6, "token": "749721af75f0120222a3cb862c8e00d85c074506", "created": "2024-08-16T19:08:28.112Z", "revoked": null}}, {"model": "refresh_token.refreshtoken", "pk": 26, "fields": {"user": 6, "token": "591b8df7105cbbd9bf3900485b4dc769577d5cea", "created": "2024-08-16T19:08:32.767Z", "revoked": null}}, {"model": "refresh_token.refreshtoken", "pk": 27, "fields": {"user": 6, "token": "d7524c5434d778d37b58d9202ecf9977bd756776", "created": "2024-08-16T19:08:33.265Z", "revoked": null}}, {"model": "refresh_token.refreshtoken", "pk": 28, "fields": {"user": 9, "token": "e45265b31c835e79b297ba3f1f864806cd641508", "created": "2024-08-16T20:00:27.955Z", "revoked": null}}, {"model": "refresh_token.refreshtoken", "pk": 29, "fields": {"user": 10, "token": "da47b4209d32c5c9f7ec9354ae080f817945d29f", "created": "2024-08-17T06:43:58.288Z", "revoked": null}}, {"model": "refresh_token.refreshtoken", "pk": 30, "fields": {"user": 11, "token": "d3c3986e1bdd07f146bb017e429438d02981cac9", "created": "2024-08-17T08:16:24.926Z", "revoked": null}}, {"model": "refresh_token.refreshtoken", "pk": 31, "fields": {"user": 6, "token": "50386768cb9a04dccc871c19cd4414a6c86c7c47", "created": "2024-08-17T08:50:47.523Z", "revoked": null}}, {"model": "refresh_token.refreshtoken", "pk": 32, "fields": {"user": 12, "token": "b630c5aeeae9e80bf20a3ff219a0ccb8f8835ac6", "created": "2024-08-17T09:01:44.323Z", "revoked": null}}, {"model": "refresh_token.refreshtoken", "pk": 33, "fields": {"user": 13, "token": "29fd0488fe6b20847e627299865ebdb02eedbcbf", "created": "2024-08-17T10:52:07.643Z", "revoked": null}}, {"model": "refresh_token.refreshtoken", "pk": 34, "fields": {"user": 6, "token": "2679631655e266037513af9a96b93caf76f87a93", "created": "2024-08-17T14:00:47.777Z", "revoked": null}}, {"model": "refresh_token.refreshtoken", "pk": 35, "fields": {"user": 14, "token": "bfacf86d9bcaa467d152077d0ff53c855c4bca17", "created": "2024-08-17T17:27:47.768Z", "revoked": null}}, {"model": "refresh_token.refreshtoken", "pk": 36, "fields": {"user": 15, "token": "a4129e278612916d24ef2e718a45cb0737d0669f", "created": "2024-08-17T17:42:37.487Z", "revoked": null}}, {"model": "refresh_token.refreshtoken", "pk": 37, "fields": {"user": 16, "token": "4f14d964ca2d900dc7c8f6cd498017a52755d6c5", "created": "2024-08-17T18:18:02.832Z", "revoked": null}}, {"model": "refresh_token.refreshtoken", "pk": 38, "fields": {"user": 17, "token": "32099cf9ad26de89ff2092d17a561b1bba31b2f4", "created": "2024-08-17T18:21:01.215Z", "revoked": null}}, {"model": "refresh_token.refreshtoken", "pk": 39, "fields": {"user": 18, "token": "87e54a2f2ba3e2f4ff1ab6a30ece7c140c13264c", "created": "2024-08-17T18:21:24.026Z", "revoked": null}}, {"model": "refresh_token.refreshtoken", "pk": 40, "fields": {"user": 19, "token": "d1c5c7eaebcdff98419211d35c8bec449bb28c90", "created": "2024-08-17T18:22:13.048Z", "revoked": null}}, {"model": "refresh_token.refreshtoken", "pk": 41, "fields": {"user": 20, "token": "7d485e587dabefcb84e82a43734ef732b68554bc", "created": "2024-08-17T19:03:31.749Z", "revoked": null}}, {"model": "refresh_token.refreshtoken", "pk": 42, "fields": {"user": 21, "token": "54a954b8935a473362c1cc38cbd7d0ecdd6b2620", "created": "2024-08-17T19:19:49.791Z", "revoked": null}}, {"model": "refresh_token.refreshtoken", "pk": 43, "fields": {"user": 6, "token": "16b95ea8fc98624700ea3221ca8e8cef98143881", "created": "2024-08-18T07:59:17.527Z", "revoked": null}}, {"model": "refresh_token.refreshtoken", "pk": 44, "fields": {"user": 6, "token": "c364ce6be25c1363c683e4120bde55d974656648", "created": "2024-08-18T07:59:24.646Z", "revoked": null}}, {"model": "refresh_token.refreshtoken", "pk": 45, "fields": {"user": 6, "token": "3f01ed896aa8c876adf7c11bbc4af17fb06fa37b", "created": "2024-08-18T08:02:54.069Z", "revoked": null}}, {"model": "refresh_token.refreshtoken", "pk": 46, "fields": {"user": 6, "token": "147dd3f0422db85738738480ea65e382108fa333", "created": "2024-08-18T08:55:42.051Z", "revoked": null}}, {"model": "refresh_token.refreshtoken", "pk": 47, "fields": {"user": 6, "token": "3cb9a898b8d6f5e6d8bba24a5ba7ffcf144fad87", "created": "2024-08-18T08:58:23.173Z", "revoked": null}}, {"model": "refresh_token.refreshtoken", "pk": 48, "fields": {"user": 6, "token": "e55cf9cd0334a37171c6a9dee9348ed34152d16a", "created": "2024-08-18T09:00:37.673Z", "revoked": null}}, {"model": "refresh_token.refreshtoken", "pk": 49, "fields": {"user": 6, "token": "9fdbd621cd2e2fe8e1cc6503eff73d5932fda2d7", "created": "2024-08-18T09:05:29.052Z", "revoked": null}}, {"model": "refresh_token.refreshtoken", "pk": 50, "fields": {"user": 6, "token": "d845ddcb153085387f3bd50f4cde52eedf3e1089", "created": "2024-08-18T09:08:09.119Z", "revoked": null}}, {"model": "refresh_token.refreshtoken", "pk": 51, "fields": {"user": 6, "token": "3da6f47c333e2948e24ad821b792a67de906ed90", "created": "2024-08-18T09:10:40.658Z", "revoked": null}}, {"model": "refresh_token.refreshtoken", "pk": 52, "fields": {"user": 6, "token": "e1f959090bb1f9dc5893f8598c165582d36ef4d9", "created": "2024-08-18T09:13:22.329Z", "revoked": null}}, {"model": "refresh_token.refreshtoken", "pk": 53, "fields": {"user": 22, "token": "5141456825a5f5f624ee5af4509e0d9c8790c3b4", "created": "2024-08-18T19:17:31.648Z", "revoked": null}}, {"model": "refresh_token.refreshtoken", "pk": 54, "fields": {"user": 23, "token": "bc63ae09e9a698cf9ed7a58f022b1dacb494b613", "created": "2024-08-18T19:19:02.730Z", "revoked": null}}, {"model": "refresh_token.refreshtoken", "pk": 55, "fields": {"user": 24, "token": "65404c78effeeaa2a3eca8fea9fc832f22b298a3", "created": "2024-08-18T20:07:51.802Z", "revoked": null}}, {"model": "refresh_token.refreshtoken", "pk": 56, "fields": {"user": 25, "token": "b7633cef0927a51815e04673cd9faeea0eb7cf0e", "created": "2024-08-18T20:09:54.561Z", "revoked": null}}, {"model": "refresh_token.refreshtoken", "pk": 57, "fields": {"user": 26, "token": "6edaeedbe4c65d5f81d853010bc5287df4a6f285", "created": "2024-08-18T20:11:34.566Z", "revoked": null}}, {"model": "post_office.email", "pk": 1, "fields": {"from_email": "noreply@xyz.com", "to": "['sanjay.shah@ooumph.com']", "cc": "[]", "bcc": "[]", "subject": "Setup your password", "message": "please edit your password", "html_message": "<!DOCTYPE html>\r\n<html>\r\n<head>\r\n    <title>Ooumph - Your OTP Code</title>\r\n    <style>\r\n        body {\r\n            font-family: 'Times New Roman', serif;\r\n            color: #333333;\r\n            background-color: #f4f4f4;\r\n            margin: 0;\r\n            padding: 0;\r\n        }\r\n        .container {\r\n            width: 80%;\r\n            margin: 50px auto;\r\n            background-color: #ffffff;\r\n            box-shadow: 0 4px 8px rgba(0, 0, 0, 0.1);\r\n            border-radius: 8px;\r\n            overflow: hidden;\r\n        }\r\n        .header {\r\n            background-color: #4CAF50;\r\n            color: #ffffff;\r\n            padding: 20px;\r\n            text-align: center;\r\n        }\r\n        .header h1 {\r\n            margin: 0;\r\n        }\r\n        .content {\r\n            padding: 30px;\r\n            text-align: center;\r\n        }\r\n        .content p {\r\n            font-size: 18px;\r\n            margin: 20px 0;\r\n        }\r\n        .otp-code {\r\n            display: inline-block;\r\n            padding: 10px 20px;\r\n            background-color: #f1f1f1;\r\n            font-size: 24px;\r\n            font-weight: bold;\r\n            letter-spacing: 2px;\r\n            margin-top: 10px;\r\n        }\r\n        .footer {\r\n            background-color: #4CAF50;\r\n            color: #ffffff;\r\n            padding: 10px;\r\n            text-align: center;\r\n        }\r\n    </style>\r\n</head>\r\n<body>\r\n    <div class=\"container\">\r\n        <div class=\"header\">\r\n            <h1>Ooumph</h1>\r\n        </div>\r\n        <div class=\"content\">\r\n            <h2>Your OTP Code</h2>\r\n            <p> Verify otp to reset your password </p>\r\n            <p></p>\r\n            <div class=\"otp-code\">018207</div>\r\n        </div>\r\n        <div class=\"footer\">\r\n            <p>&copy; 2024 Ooumph. All rights reserved.</p>\r\n        </div>\r\n    </div>\r\n</body>\r\n</html>", "status": 0, "priority": 3, "created": "2024-07-27T09:00:20.901Z", "last_updated": "2024-07-27T09:00:20.901Z", "scheduled_time": null, "expires_at": null, "message_id": null, "number_of_retries": null, "headers": null, "template": 1, "context": null, "backend_alias": ""}}, {"model": "post_office.email", "pk": 2, "fields": {"from_email": "noreply@xyz.com", "to": "['sanjay.shah@ooumph.com']", "cc": "[]", "bcc": "[]", "subject": "Setup your password", "message": "please edit your password", "html_message": "<!DOCTYPE html>\r\n<html>\r\n<head>\r\n    <title>Ooumph - Your OTP Code</title>\r\n    <style>\r\n        body {\r\n            font-family: 'Arial', sans-serif;\r\n            color: #333333;\r\n            background-color: #f4f4f4;\r\n            margin: 0;\r\n            padding: 0;\r\n        }\r\n        .container {\r\n            width: 80%;\r\n            margin: 50px auto;\r\n            background-color: #ffffff;\r\n            box-shadow: 0 4px 8px rgba(0, 0, 0, 0.1);\r\n            border-radius: 8px;\r\n            overflow: hidden;\r\n        }\r\n        .header {\r\n            background-color: #0288D1;\r\n            color: #ffffff;\r\n            padding: 20px;\r\n            text-align: center;\r\n        }\r\n        .header h1 {\r\n            margin: 0;\r\n            font-size: 28px;\r\n        }\r\n        .content {\r\n            padding: 30px;\r\n            text-align: center;\r\n        }\r\n        .content h2 {\r\n            font-size: 24px;\r\n            color: #0288D1;\r\n        }\r\n        .content p {\r\n            font-size: 18px;\r\n            margin: 20px 0;\r\n        }\r\n        .otp-code {\r\n            display: inline-block;\r\n            padding: 10px 20px;\r\n            background-color: #f1f1f1;\r\n            font-size: 24px;\r\n            font-weight: bold;\r\n            letter-spacing: 2px;\r\n            margin-top: 10px;\r\n        }\r\n        .footer {\r\n            background-color: #0288D1;\r\n            color: #ffffff;\r\n            padding: 10px;\r\n            text-align: center;\r\n        }\r\n    </style>\r\n</head>\r\n<body>\r\n    <div class=\"container\">\r\n        <div class=\"header\">\r\n            <h1>Ooumph</h1>\r\n        </div>\r\n        <div class=\"content\">\r\n            <h2>Your OTP Code</h2>\r\n            <p>Thank you for being a valued member of the Ooumph community! To ensure the security of your account, please use the OTP code below to verify your identity and reset your password.</p>\r\n            <p>If you did not request this code, please contact our support team immediately.</p>\r\n            <div class=\"otp-code\">888182</div>\r\n        </div>\r\n        <div class=\"footer\">\r\n            <p>&copy; 2024 Ooumph. All rights reserved.</p>\r\n        </div>\r\n    </div>\r\n</body>\r\n</html>", "status": 0, "priority": 3, "created": "2024-07-27T09:02:39.423Z", "last_updated": "2024-07-27T09:02:39.423Z", "scheduled_time": null, "expires_at": null, "message_id": null, "number_of_retries": null, "headers": null, "template": 1, "context": null, "backend_alias": ""}}, {"model": "post_office.email", "pk": 3, "fields": {"from_email": "noreply@xyz.com", "to": "['sanjay.shah@ooumph.com']", "cc": "[]", "bcc": "[]", "subject": "Setup your password", "message": "please edit your password", "html_message": "<!DOCTYPE html>\r\n<html>\r\n<head>\r\n    <title>Ooumph - Your OTP Code</title>\r\n    <style>\r\n        @import url('https://fonts.googleapis.com/css2?family=Roboto:wght@400;700&display=swap');\r\n        body {\r\n            font-family: 'Roboto', sans-serif;\r\n            color: #333333;\r\n            background-color: #f4f4f4;\r\n            margin: 0;\r\n            padding: 0;\r\n        }\r\n        .container {\r\n            width: 80%;\r\n            margin: 50px auto;\r\n            background-color: #ffffff;\r\n            box-shadow: 0 4px 8px rgba(0, 0, 0, 0.1);\r\n            border-radius: 8px;\r\n            overflow: hidden;\r\n        }\r\n        .header {\r\n            background-color: #0288D1;\r\n            color: #ffffff;\r\n            padding: 20px;\r\n            text-align: center;\r\n        }\r\n        .header h1 {\r\n            margin: 0;\r\n            font-size: 24px;\r\n        }\r\n        .content {\r\n            padding: 30px;\r\n            text-align: center;\r\n        }\r\n        .content h2 {\r\n            font-size: 22px;\r\n            color: #0288D1;\r\n            margin-bottom: 10px;\r\n        }\r\n        .content p {\r\n            font-size: 16px;\r\n            margin: 10px 0;\r\n        }\r\n        .otp-code {\r\n            display: inline-block;\r\n            padding: 10px 20px;\r\n            background-color: #f1f1f1;\r\n            font-size: 22px;\r\n            font-weight: bold;\r\n            letter-spacing: 2px;\r\n            margin-top: 10px;\r\n        }\r\n        .footer {\r\n            background-color: #0288D1;\r\n            color: #ffffff;\r\n            padding: 10px;\r\n            text-align: center;\r\n        }\r\n        .svg-icon {\r\n            width: 50px;\r\n            height: 50px;\r\n            margin-bottom: 20px;\r\n        }\r\n    </style>\r\n</head>\r\n<body>\r\n    <div class=\"container\">\r\n        <div class=\"header\">\r\n            <h1>Ooumph</h1>\r\n        </div>\r\n        <div class=\"content\">\r\n            <svg class=\"svg-icon\" xmlns=\"http://www.w3.org/2000/svg\" viewBox=\"0 0 448 512\"><path d=\"M144 144l0 48 160 0 0-48c0-44.2-35.8-80-80-80s-80 35.8-80 80zM80 192l0-48C80 64.5 144.5 0 224 0s144 64.5 144 144l0 48 16 0c35.3 0 64 28.7 64 64l0 192c0 35.3-28.7 64-64 64L64 512c-35.3 0-64-28.7-64-64L0 256c0-35.3 28.7-64 64-64l16 0z\"/></svg>\r\n            <h2>Your OTP Code</h2>\r\n            <p>Thank you for being a valued member of the Ooumph community!</p>\r\n            <p>To ensure the security of your account, please use the OTP code below to verify your identity and reset your password.</p>\r\n            <p>If you did not request this code, please contact our support team immediately.</p>\r\n            <div class=\"otp-code\">939580</div>\r\n        </div>\r\n        <div class=\"footer\">\r\n            <p>&copy; 2024 Ooumph. All rights reserved.</p>\r\n        </div>\r\n    </div>\r\n</body>\r\n</html>", "status": 0, "priority": 3, "created": "2024-07-27T09:09:31.542Z", "last_updated": "2024-07-27T09:09:31.542Z", "scheduled_time": null, "expires_at": null, "message_id": null, "number_of_retries": null, "headers": null, "template": 1, "context": null, "backend_alias": ""}}, {"model": "post_office.email", "pk": 4, "fields": {"from_email": "noreply@xyz.com", "to": "['sanjay.shah@ooumph.com']", "cc": "[]", "bcc": "[]", "subject": "otp verifaction", "message": "Pleae verify your otp", "html_message": "<!DOCTYPE html>\r\n<html>\r\n<head>\r\n    <title>Ooumph - Your OTP Code</title>\r\n    <style>\r\n        @import url('https://fonts.googleapis.com/css2?family=Roboto:wght@400;700&display=swap');\r\n        body {\r\n            font-family: 'Roboto', sans-serif;\r\n            color: #333333;\r\n            background-color: #f4f4f4;\r\n            margin: 0;\r\n            padding: 0;\r\n        }\r\n        .container {\r\n            width: 80%;\r\n            margin: 50px auto;\r\n            background-color: #ffffff;\r\n            box-shadow: 0 4px 8px rgba(0, 0, 0, 0.1);\r\n            border-radius: 10px;\r\n            overflow: hidden;\r\n        }\r\n        .header {\r\n            background-color: #4CAF50;\r\n            color: #ffffff;\r\n            padding: 20px;\r\n            text-align: center;\r\n            border-bottom: 5px solid #0288D1;\r\n        }\r\n        .header h1 {\r\n            margin: 0;\r\n            font-size: 28px;\r\n            letter-spacing: 2px;\r\n        }\r\n        .content {\r\n            padding: 30px;\r\n            text-align: center;\r\n        }\r\n        .content h2 {\r\n            font-size: 22px;\r\n            color: #4CAF50;\r\n            margin-bottom: 10px;\r\n        }\r\n        .content p {\r\n            font-size: 16px;\r\n            margin: 20px 0;\r\n        }\r\n        .otp-code {\r\n            display: inline-block;\r\n            padding: 15px 25px;\r\n            background-color: #f1f1f1;\r\n            font-size: 26px;\r\n            font-weight: bold;\r\n            letter-spacing: 3px;\r\n            color: #0288D1;\r\n            margin-top: 20px;\r\n            border: 2px dashed #0288D1;\r\n            border-radius: 8px;\r\n        }\r\n        .extra-content {\r\n            margin-top: 30px;\r\n            text-align: left;\r\n            padding: 0 20px;\r\n        }\r\n        .extra-content a {\r\n            color: #0288D1;\r\n            text-decoration: none;\r\n        }\r\n        .extra-content a:hover {\r\n            text-decoration: underline;\r\n        }\r\n        .footer {\r\n            background-color: #4CAF50;\r\n            color: #ffffff;\r\n            padding: 15px;\r\n            text-align: center;\r\n            border-top: 5px solid #0288D1;\r\n        }\r\n        .svg-icon {\r\n            width: 60px;\r\n            height: 60px;\r\n            margin-bottom: 20px;\r\n        }\r\n    </style>\r\n</head>\r\n<body>\r\n    <div class=\"container\">\r\n        <div class=\"header\">\r\n            <h1>Ooumph</h1>\r\n        </div>\r\n        <div class=\"content\">\r\n            <svg class=\"svg-icon\" xmlns=\"http://www.w3.org/2000/svg\" viewBox=\"0 0 448 512\"><path d=\"M144 144l0 48 160 0 0-48c0-44.2-35.8-80-80-80s-80 35.8-80 80zM80 192l0-48C80 64.5 144.5 0 224 0s144 64.5 144 144l0 48 16 0c35.3 0 64 28.7 64 64l0 192c0 35.3-28.7 64-64 64L64 512c-35.3 0-64-28.7-64-64L0 256c0-35.3 28.7-64 64-64l16 0z\"/></svg>\r\n            <h2>Your OTP Code</h2>\r\n            <p>Please use the OTP code below to verify your account:</p>\r\n            <div class=\"otp-code\">463298</div>\r\n            <div class=\"extra-content\">\r\n                <p>Welcome to Ooumph! We're excited to have you join our community. To get the most out of your experience, here are a few things you can do:</p>\r\n                <ul>\r\n                    <li>Explore our <a href=\"https://ooumph.com/features\" target=\"_blank\">features</a> to see what we offer.</li>\r\n                    <li>Join our <a href=\"https://ooumph.com/community\" target=\"_blank\">community</a> and start connecting with others.</li>\r\n                    <li>Check out our <a href=\"https://ooumph.com/blog\" target=\"_blank\">blog</a> for the latest updates and tips.</li>\r\n                </ul>\r\n                <p>If you need any assistance, our support team is here to help. <a href=\"https://ooumph.com/support\" target=\"_blank\">Contact Support</a></p>\r\n            </div>\r\n        </div>\r\n        <div class=\"footer\">\r\n            <p>&copy; 2024 Ooumph. All rights reserved.</p>\r\n        </div>\r\n    </div>\r\n</body>\r\n</html>", "status": 0, "priority": 3, "created": "2024-07-27T09:14:47.714Z", "last_updated": "2024-07-27T09:14:47.714Z", "scheduled_time": null, "expires_at": null, "message_id": null, "number_of_retries": null, "headers": null, "template": 2, "context": null, "backend_alias": ""}}, {"model": "post_office.email", "pk": 5, "fields": {"from_email": "noreply@xyz.com", "to": "['sanjay.shah@ooumph.com']", "cc": "[]", "bcc": "[]", "subject": "otp verifaction", "message": "Pleae verify your otp", "html_message": "<!DOCTYPE html>\r\n<html>\r\n<head>\r\n    <title>Ooumph - Your OTP Code</title>\r\n    <style>\r\n        @import url('https://fonts.googleapis.com/css2?family=Roboto:wght@400;700&display=swap');\r\n        body {\r\n            font-family: 'Roboto', sans-serif;\r\n            color: #333333;\r\n            background-color: #f4f4f4;\r\n            margin: 0;\r\n            padding: 0;\r\n        }\r\n        .container {\r\n            width: 80%;\r\n            margin: 50px auto;\r\n            background-color: #ffffff;\r\n            box-shadow: 0 4px 8px rgba(0, 0, 0, 0.1);\r\n            border-radius: 10px;\r\n            overflow: hidden;\r\n        }\r\n        .header {\r\n            background-color: #4CAF50;\r\n            color: #ffffff;\r\n            padding: 20px;\r\n            text-align: center;\r\n            border-bottom: 5px solid #0288D1;\r\n        }\r\n        .header h1 {\r\n            margin: 0;\r\n            font-size: 28px;\r\n            letter-spacing: 2px;\r\n        }\r\n        .content {\r\n            padding: 30px;\r\n            text-align: center;\r\n        }\r\n        .content h2 {\r\n            font-size: 22px;\r\n            color: #4CAF50;\r\n            margin-bottom: 10px;\r\n        }\r\n        .content p {\r\n            font-size: 16px;\r\n            margin: 20px 0;\r\n        }\r\n        .otp-code {\r\n            display: inline-block;\r\n            padding: 15px 25px;\r\n            background-color: #f1f1f1;\r\n            font-size: 26px;\r\n            font-weight: bold;\r\n            letter-spacing: 3px;\r\n            color: #0288D1;\r\n            margin-top: 20px;\r\n            border: 2px dashed #0288D1;\r\n            border-radius: 8px;\r\n        }\r\n        .extra-content {\r\n            margin-top: 30px;\r\n            text-align: left;\r\n            padding: 0 20px;\r\n        }\r\n        .extra-content a {\r\n            color: #0288D1;\r\n            text-decoration: none;\r\n        }\r\n        .extra-content a:hover {\r\n            text-decoration: underline;\r\n        }\r\n        .footer {\r\n            background-color: #4CAF50;\r\n            color: #ffffff;\r\n            padding: 15px;\r\n            text-align: center;\r\n            border-top: 5px solid #0288D1;\r\n        }\r\n        .svg-icon {\r\n            width: 60px;\r\n            height: 60px;\r\n            margin-bottom: 20px;\r\n        }\r\n    </style>\r\n</head>\r\n<body>\r\n    <div class=\"container\">\r\n        <div class=\"header\">\r\n            <h1>Ooumph</h1>\r\n        </div>\r\n        <div class=\"content\">\r\n            <svg class=\"svg-icon\" xmlns=\"http://www.w3.org/2000/svg\" viewBox=\"0 0 448 512\"><path d=\"M144 144l0 48 160 0 0-48c0-44.2-35.8-80-80-80s-80 35.8-80 80zM80 192l0-48C80 64.5 144.5 0 224 0s144 64.5 144 144l0 48 16 0c35.3 0 64 28.7 64 64l0 192c0 35.3-28.7 64-64 64L64 512c-35.3 0-64-28.7-64-64L0 256c0-35.3 28.7-64 64-64l16 0z\"/></svg>\r\n            <h2>Your OTP Code</h2>\r\n            <p>Please use the OTP code below to verify your account:</p>\r\n            <div class=\"otp-code\">113818</div>\r\n            <div class=\"extra-content\">\r\n                <p>Welcome to Ooumph! We're excited to have you join our community. To get the most out of your experience, here are a few things you can do:</p>\r\n                <ul>\r\n                    <li>Explore our <a href=\"https://ooumph.com/features\" target=\"_blank\">features</a> to see what we offer.</li>\r\n                    <li>Join our <a href=\"https://ooumph.com/community\" target=\"_blank\">community</a> and start connecting with others.</li>\r\n                    <li>Check out our <a href=\"https://ooumph.com/blog\" target=\"_blank\">blog</a> for the latest updates and tips.</li>\r\n                </ul>\r\n                <p>If you need any assistance, our support team is here to help. <a href=\"https://ooumph.com/support\" target=\"_blank\">Contact Support</a></p>\r\n            </div>\r\n        </div>\r\n        <div class=\"footer\">\r\n            <p>&copy; 2024 Ooumph. All rights reserved.</p>\r\n        </div>\r\n    </div>\r\n</body>\r\n</html>", "status": 0, "priority": 3, "created": "2024-07-27T09:42:35.456Z", "last_updated": "2024-07-27T09:42:35.457Z", "scheduled_time": null, "expires_at": null, "message_id": null, "number_of_retries": null, "headers": null, "template": 2, "context": null, "backend_alias": ""}}, {"model": "post_office.email", "pk": 6, "fields": {"from_email": "noreply@xyz.com", "to": "['prakhar060703@gmail.com']", "cc": "[]", "bcc": "[]", "subject": "Setup your password", "message": "please edit your password", "html_message": "<!DOCTYPE html>\r\n<html>\r\n<head>\r\n    <title>Ooumph - Your OTP Code</title>\r\n    <style>\r\n        @import url('https://fonts.googleapis.com/css2?family=Roboto:wght@400;700&display=swap');\r\n        body {\r\n            font-family: 'Roboto', sans-serif;\r\n            color: #333333;\r\n            background-color: #f4f4f4;\r\n            margin: 0;\r\n            padding: 0;\r\n        }\r\n        .container {\r\n            width: 80%;\r\n            margin: 50px auto;\r\n            background-color: #ffffff;\r\n            box-shadow: 0 4px 8px rgba(0, 0, 0, 0.1);\r\n            border-radius: 8px;\r\n            overflow: hidden;\r\n        }\r\n        .header {\r\n            background-color: #0288D1;\r\n            color: #ffffff;\r\n            padding: 20px;\r\n            text-align: center;\r\n        }\r\n        .header h1 {\r\n            margin: 0;\r\n            font-size: 24px;\r\n        }\r\n        .content {\r\n            padding: 30px;\r\n            text-align: center;\r\n        }\r\n        .content h2 {\r\n            font-size: 22px;\r\n            color: #0288D1;\r\n            margin-bottom: 10px;\r\n        }\r\n        .content p {\r\n            font-size: 16px;\r\n            margin: 10px 0;\r\n        }\r\n        .otp-code {\r\n            display: inline-block;\r\n            padding: 10px 20px;\r\n            background-color: #f1f1f1;\r\n            font-size: 22px;\r\n            font-weight: bold;\r\n            letter-spacing: 2px;\r\n            margin-top: 10px;\r\n        }\r\n        .footer {\r\n            background-color: #0288D1;\r\n            color: #ffffff;\r\n            padding: 10px;\r\n            text-align: center;\r\n        }\r\n        .svg-icon {\r\n            width: 50px;\r\n            height: 50px;\r\n            margin-bottom: 20px;\r\n        }\r\n    </style>\r\n</head>\r\n<body>\r\n    <div class=\"container\">\r\n        <div class=\"header\">\r\n            <h1>Ooumph</h1>\r\n        </div>\r\n        <div class=\"content\">\r\n            <svg class=\"svg-icon\" xmlns=\"http://www.w3.org/2000/svg\" viewBox=\"0 0 448 512\"><path d=\"M144 144l0 48 160 0 0-48c0-44.2-35.8-80-80-80s-80 35.8-80 80zM80 192l0-48C80 64.5 144.5 0 224 0s144 64.5 144 144l0 48 16 0c35.3 0 64 28.7 64 64l0 192c0 35.3-28.7 64-64 64L64 512c-35.3 0-64-28.7-64-64L0 256c0-35.3 28.7-64 64-64l16 0z\"/></svg>\r\n            <h2>Your OTP Code</h2>\r\n            <p>Thank you for being a valued member of the Ooumph community!</p>\r\n            <p>To ensure the security of your account, please use the OTP code below to verify your identity and reset your password.</p>\r\n            <p>If you did not request this code, please contact our support team immediately.</p>\r\n            <div class=\"otp-code\">072339</div>\r\n        </div>\r\n        <div class=\"footer\">\r\n            <p>&copy; 2024 Ooumph. All rights reserved.</p>\r\n        </div>\r\n    </div>\r\n</body>\r\n</html>", "status": 0, "priority": 3, "created": "2024-07-29T05:02:43.986Z", "last_updated": "2024-07-29T05:02:43.986Z", "scheduled_time": null, "expires_at": null, "message_id": null, "number_of_retries": null, "headers": null, "template": 1, "context": null, "backend_alias": ""}}, {"model": "post_office.email", "pk": 7, "fields": {"from_email": "noreply@xyz.com", "to": "['dipanshu.singh@ooumph.com']", "cc": "[]", "bcc": "[]", "subject": "otp verifaction", "message": "Pleae verify your otp", "html_message": "<!DOCTYPE html>\r\n<html>\r\n<head>\r\n    <title>Ooumph - Your OTP Code</title>\r\n    <style>\r\n        @import url('https://fonts.googleapis.com/css2?family=Roboto:wght@400;700&display=swap');\r\n        body {\r\n            font-family: 'Roboto', sans-serif;\r\n            color: #333333;\r\n            background-color: #f4f4f4;\r\n            margin: 0;\r\n            padding: 0;\r\n        }\r\n        .container {\r\n            width: 80%;\r\n            margin: 50px auto;\r\n            background-color: #ffffff;\r\n            box-shadow: 0 4px 8px rgba(0, 0, 0, 0.1);\r\n            border-radius: 10px;\r\n            overflow: hidden;\r\n        }\r\n        .header {\r\n            background-color: #4CAF50;\r\n            color: #ffffff;\r\n            padding: 20px;\r\n            text-align: center;\r\n            border-bottom: 5px solid #0288D1;\r\n        }\r\n        .header h1 {\r\n            margin: 0;\r\n            font-size: 28px;\r\n            letter-spacing: 2px;\r\n        }\r\n        .content {\r\n            padding: 30px;\r\n            text-align: center;\r\n        }\r\n        .content h2 {\r\n            font-size: 22px;\r\n            color: #4CAF50;\r\n            margin-bottom: 10px;\r\n        }\r\n        .content p {\r\n            font-size: 16px;\r\n            margin: 20px 0;\r\n        }\r\n        .otp-code {\r\n            display: inline-block;\r\n            padding: 15px 25px;\r\n            background-color: #f1f1f1;\r\n            font-size: 26px;\r\n            font-weight: bold;\r\n            letter-spacing: 3px;\r\n            color: #0288D1;\r\n            margin-top: 20px;\r\n            border: 2px dashed #0288D1;\r\n            border-radius: 8px;\r\n        }\r\n        .extra-content {\r\n            margin-top: 30px;\r\n            text-align: left;\r\n            padding: 0 20px;\r\n        }\r\n        .extra-content a {\r\n            color: #0288D1;\r\n            text-decoration: none;\r\n        }\r\n        .extra-content a:hover {\r\n            text-decoration: underline;\r\n        }\r\n        .footer {\r\n            background-color: #4CAF50;\r\n            color: #ffffff;\r\n            padding: 15px;\r\n            text-align: center;\r\n            border-top: 5px solid #0288D1;\r\n        }\r\n        .svg-icon {\r\n            width: 60px;\r\n            height: 60px;\r\n            margin-bottom: 20px;\r\n        }\r\n    </style>\r\n</head>\r\n<body>\r\n    <div class=\"container\">\r\n        <div class=\"header\">\r\n            <h1>Ooumph</h1>\r\n        </div>\r\n        <div class=\"content\">\r\n            <svg class=\"svg-icon\" xmlns=\"http://www.w3.org/2000/svg\" viewBox=\"0 0 448 512\"><path d=\"M144 144l0 48 160 0 0-48c0-44.2-35.8-80-80-80s-80 35.8-80 80zM80 192l0-48C80 64.5 144.5 0 224 0s144 64.5 144 144l0 48 16 0c35.3 0 64 28.7 64 64l0 192c0 35.3-28.7 64-64 64L64 512c-35.3 0-64-28.7-64-64L0 256c0-35.3 28.7-64 64-64l16 0z\"/></svg>\r\n            <h2>Your OTP Code</h2>\r\n            <p>Please use the OTP code below to verify your account:</p>\r\n            <div class=\"otp-code\">708445</div>\r\n            <div class=\"extra-content\">\r\n                <p>Welcome to Ooumph! We're excited to have you join our community. To get the most out of your experience, here are a few things you can do:</p>\r\n                <ul>\r\n                    <li>Explore our <a href=\"https://ooumph.com/features\" target=\"_blank\">features</a> to see what we offer.</li>\r\n                    <li>Join our <a href=\"https://ooumph.com/community\" target=\"_blank\">community</a> and start connecting with others.</li>\r\n                    <li>Check out our <a href=\"https://ooumph.com/blog\" target=\"_blank\">blog</a> for the latest updates and tips.</li>\r\n                </ul>\r\n                <p>If you need any assistance, our support team is here to help. <a href=\"https://ooumph.com/support\" target=\"_blank\">Contact Support</a></p>\r\n            </div>\r\n        </div>\r\n        <div class=\"footer\">\r\n            <p>&copy; 2024 Ooumph. All rights reserved.</p>\r\n        </div>\r\n    </div>\r\n</body>\r\n</html>", "status": 0, "priority": 3, "created": "2024-08-01T04:56:08.415Z", "last_updated": "2024-08-01T04:56:08.415Z", "scheduled_time": null, "expires_at": null, "message_id": null, "number_of_retries": null, "headers": null, "template": 2, "context": null, "backend_alias": ""}}, {"model": "post_office.email", "pk": 8, "fields": {"from_email": "noreply@xyz.com", "to": "['dipanshu.singh@ooumph.com']", "cc": "[]", "bcc": "[]", "subject": "Setup your password", "message": "please edit your password", "html_message": "<!DOCTYPE html>\r\n<html>\r\n<head>\r\n    <title>Ooumph - Your OTP Code</title>\r\n    <style>\r\n        @import url('https://fonts.googleapis.com/css2?family=Roboto:wght@400;700&display=swap');\r\n        body {\r\n            font-family: 'Roboto', sans-serif;\r\n            color: #333333;\r\n            background-color: #f4f4f4;\r\n            margin: 0;\r\n            padding: 0;\r\n        }\r\n        .container {\r\n            width: 80%;\r\n            margin: 50px auto;\r\n            background-color: #ffffff;\r\n            box-shadow: 0 4px 8px rgba(0, 0, 0, 0.1);\r\n            border-radius: 8px;\r\n            overflow: hidden;\r\n        }\r\n        .header {\r\n            background-color: #0288D1;\r\n            color: #ffffff;\r\n            padding: 20px;\r\n            text-align: center;\r\n        }\r\n        .header h1 {\r\n            margin: 0;\r\n            font-size: 24px;\r\n        }\r\n        .content {\r\n            padding: 30px;\r\n            text-align: center;\r\n        }\r\n        .content h2 {\r\n            font-size: 22px;\r\n            color: #0288D1;\r\n            margin-bottom: 10px;\r\n        }\r\n        .content p {\r\n            font-size: 16px;\r\n            margin: 10px 0;\r\n        }\r\n        .otp-code {\r\n            display: inline-block;\r\n            padding: 10px 20px;\r\n            background-color: #f1f1f1;\r\n            font-size: 22px;\r\n            font-weight: bold;\r\n            letter-spacing: 2px;\r\n            margin-top: 10px;\r\n        }\r\n        .footer {\r\n            background-color: #0288D1;\r\n            color: #ffffff;\r\n            padding: 10px;\r\n            text-align: center;\r\n        }\r\n        .svg-icon {\r\n            width: 50px;\r\n            height: 50px;\r\n            margin-bottom: 20px;\r\n        }\r\n    </style>\r\n</head>\r\n<body>\r\n    <div class=\"container\">\r\n        <div class=\"header\">\r\n            <h1>Ooumph</h1>\r\n        </div>\r\n        <div class=\"content\">\r\n            <svg class=\"svg-icon\" xmlns=\"http://www.w3.org/2000/svg\" viewBox=\"0 0 448 512\"><path d=\"M144 144l0 48 160 0 0-48c0-44.2-35.8-80-80-80s-80 35.8-80 80zM80 192l0-48C80 64.5 144.5 0 224 0s144 64.5 144 144l0 48 16 0c35.3 0 64 28.7 64 64l0 192c0 35.3-28.7 64-64 64L64 512c-35.3 0-64-28.7-64-64L0 256c0-35.3 28.7-64 64-64l16 0z\"/></svg>\r\n            <h2>Your OTP Code</h2>\r\n            <p>Thank you for being a valued member of the Ooumph community!</p>\r\n            <p>To ensure the security of your account, please use the OTP code below to verify your identity and reset your password.</p>\r\n            <p>If you did not request this code, please contact our support team immediately.</p>\r\n            <div class=\"otp-code\">656077</div>\r\n        </div>\r\n        <div class=\"footer\">\r\n            <p>&copy; 2024 Ooumph. All rights reserved.</p>\r\n        </div>\r\n    </div>\r\n</body>\r\n</html>", "status": 0, "priority": 3, "created": "2024-08-01T09:38:08.579Z", "last_updated": "2024-08-01T09:38:08.579Z", "scheduled_time": null, "expires_at": null, "message_id": null, "number_of_retries": null, "headers": null, "template": 1, "context": null, "backend_alias": ""}}, {"model": "post_office.email", "pk": 9, "fields": {"from_email": "noreply@xyz.com", "to": "['dipanshu.singh@ooumph.com']", "cc": "[]", "bcc": "[]", "subject": "Setup your password", "message": "please edit your password", "html_message": "<!DOCTYPE html>\r\n<html>\r\n<head>\r\n    <title>Ooumph - Your OTP Code</title>\r\n    <style>\r\n        @import url('https://fonts.googleapis.com/css2?family=Roboto:wght@400;700&display=swap');\r\n        body {\r\n            font-family: 'Roboto', sans-serif;\r\n            color: #333333;\r\n            background-color: #f4f4f4;\r\n            margin: 0;\r\n            padding: 0;\r\n        }\r\n        .container {\r\n            width: 80%;\r\n            margin: 50px auto;\r\n            background-color: #ffffff;\r\n            box-shadow: 0 4px 8px rgba(0, 0, 0, 0.1);\r\n            border-radius: 8px;\r\n            overflow: hidden;\r\n        }\r\n        .header {\r\n            background-color: #0288D1;\r\n            color: #ffffff;\r\n            padding: 20px;\r\n            text-align: center;\r\n        }\r\n        .header h1 {\r\n            margin: 0;\r\n            font-size: 24px;\r\n        }\r\n        .content {\r\n            padding: 30px;\r\n            text-align: center;\r\n        }\r\n        .content h2 {\r\n            font-size: 22px;\r\n            color: #0288D1;\r\n            margin-bottom: 10px;\r\n        }\r\n        .content p {\r\n            font-size: 16px;\r\n            margin: 10px 0;\r\n        }\r\n        .otp-code {\r\n            display: inline-block;\r\n            padding: 10px 20px;\r\n            background-color: #f1f1f1;\r\n            font-size: 22px;\r\n            font-weight: bold;\r\n            letter-spacing: 2px;\r\n            margin-top: 10px;\r\n        }\r\n        .footer {\r\n            background-color: #0288D1;\r\n            color: #ffffff;\r\n            padding: 10px;\r\n            text-align: center;\r\n        }\r\n        .svg-icon {\r\n            width: 50px;\r\n            height: 50px;\r\n            margin-bottom: 20px;\r\n        }\r\n    </style>\r\n</head>\r\n<body>\r\n    <div class=\"container\">\r\n        <div class=\"header\">\r\n            <h1>Ooumph</h1>\r\n        </div>\r\n        <div class=\"content\">\r\n            <svg class=\"svg-icon\" xmlns=\"http://www.w3.org/2000/svg\" viewBox=\"0 0 448 512\"><path d=\"M144 144l0 48 160 0 0-48c0-44.2-35.8-80-80-80s-80 35.8-80 80zM80 192l0-48C80 64.5 144.5 0 224 0s144 64.5 144 144l0 48 16 0c35.3 0 64 28.7 64 64l0 192c0 35.3-28.7 64-64 64L64 512c-35.3 0-64-28.7-64-64L0 256c0-35.3 28.7-64 64-64l16 0z\"/></svg>\r\n            <h2>Your OTP Code</h2>\r\n            <p>Thank you for being a valued member of the Ooumph community!</p>\r\n            <p>To ensure the security of your account, please use the OTP code below to verify your identity and reset your password.</p>\r\n            <p>If you did not request this code, please contact our support team immediately.</p>\r\n            <div class=\"otp-code\">157455</div>\r\n        </div>\r\n        <div class=\"footer\">\r\n            <p>&copy; 2024 Ooumph. All rights reserved.</p>\r\n        </div>\r\n    </div>\r\n</body>\r\n</html>", "status": 0, "priority": 3, "created": "2024-08-16T13:43:19.862Z", "last_updated": "2024-08-16T13:43:19.862Z", "scheduled_time": null, "expires_at": null, "message_id": null, "number_of_retries": null, "headers": null, "template": 1, "context": null, "backend_alias": ""}}, {"model": "post_office.email", "pk": 10, "fields": {"from_email": "noreply@xyz.com", "to": "['dipanshu.singh@ooumph.com']", "cc": "[]", "bcc": "[]", "subject": "otp verifaction", "message": "Pleae verify your otp", "html_message": "<!DOCTYPE html>\r\n<html>\r\n<head>\r\n    <title>Ooumph - Your OTP Code</title>\r\n    <style>\r\n        @import url('https://fonts.googleapis.com/css2?family=Roboto:wght@400;700&display=swap');\r\n        body {\r\n            font-family: 'Roboto', sans-serif;\r\n            color: #333333;\r\n            background-color: #f4f4f4;\r\n            margin: 0;\r\n            padding: 0;\r\n        }\r\n        .container {\r\n            width: 80%;\r\n            margin: 50px auto;\r\n            background-color: #ffffff;\r\n            box-shadow: 0 4px 8px rgba(0, 0, 0, 0.1);\r\n            border-radius: 10px;\r\n            overflow: hidden;\r\n        }\r\n        .header {\r\n            background-color: #4CAF50;\r\n            color: #ffffff;\r\n            padding: 20px;\r\n            text-align: center;\r\n            border-bottom: 5px solid #0288D1;\r\n        }\r\n        .header h1 {\r\n            margin: 0;\r\n            font-size: 28px;\r\n            letter-spacing: 2px;\r\n        }\r\n        .content {\r\n            padding: 30px;\r\n            text-align: center;\r\n        }\r\n        .content h2 {\r\n            font-size: 22px;\r\n            color: #4CAF50;\r\n            margin-bottom: 10px;\r\n        }\r\n        .content p {\r\n            font-size: 16px;\r\n            margin: 20px 0;\r\n        }\r\n        .otp-code {\r\n            display: inline-block;\r\n            padding: 15px 25px;\r\n            background-color: #f1f1f1;\r\n            font-size: 26px;\r\n            font-weight: bold;\r\n            letter-spacing: 3px;\r\n            color: #0288D1;\r\n            margin-top: 20px;\r\n            border: 2px dashed #0288D1;\r\n            border-radius: 8px;\r\n        }\r\n        .extra-content {\r\n            margin-top: 30px;\r\n            text-align: left;\r\n            padding: 0 20px;\r\n        }\r\n        .extra-content a {\r\n            color: #0288D1;\r\n            text-decoration: none;\r\n        }\r\n        .extra-content a:hover {\r\n            text-decoration: underline;\r\n        }\r\n        .footer {\r\n            background-color: #4CAF50;\r\n            color: #ffffff;\r\n            padding: 15px;\r\n            text-align: center;\r\n            border-top: 5px solid #0288D1;\r\n        }\r\n        .svg-icon {\r\n            width: 60px;\r\n            height: 60px;\r\n            margin-bottom: 20px;\r\n        }\r\n    </style>\r\n</head>\r\n<body>\r\n    <div class=\"container\">\r\n        <div class=\"header\">\r\n            <h1>Ooumph</h1>\r\n        </div>\r\n        <div class=\"content\">\r\n            <svg class=\"svg-icon\" xmlns=\"http://www.w3.org/2000/svg\" viewBox=\"0 0 448 512\"><path d=\"M144 144l0 48 160 0 0-48c0-44.2-35.8-80-80-80s-80 35.8-80 80zM80 192l0-48C80 64.5 144.5 0 224 0s144 64.5 144 144l0 48 16 0c35.3 0 64 28.7 64 64l0 192c0 35.3-28.7 64-64 64L64 512c-35.3 0-64-28.7-64-64L0 256c0-35.3 28.7-64 64-64l16 0z\"/></svg>\r\n            <h2>Your OTP Code</h2>\r\n            <p>Please use the OTP code below to verify your account:</p>\r\n            <div class=\"otp-code\">714659</div>\r\n            <div class=\"extra-content\">\r\n                <p>Welcome to Ooumph! We're excited to have you join our community. To get the most out of your experience, here are a few things you can do:</p>\r\n                <ul>\r\n                    <li>Explore our <a href=\"https://ooumph.com/features\" target=\"_blank\">features</a> to see what we offer.</li>\r\n                    <li>Join our <a href=\"https://ooumph.com/community\" target=\"_blank\">community</a> and start connecting with others.</li>\r\n                    <li>Check out our <a href=\"https://ooumph.com/blog\" target=\"_blank\">blog</a> for the latest updates and tips.</li>\r\n                </ul>\r\n                <p>If you need any assistance, our support team is here to help. <a href=\"https://ooumph.com/support\" target=\"_blank\">Contact Support</a></p>\r\n            </div>\r\n        </div>\r\n        <div class=\"footer\">\r\n            <p>&copy; 2024 Ooumph. All rights reserved.</p>\r\n        </div>\r\n    </div>\r\n</body>\r\n</html>", "status": 0, "priority": 3, "created": "2024-08-17T14:01:25.622Z", "last_updated": "2024-08-17T14:01:25.622Z", "scheduled_time": null, "expires_at": null, "message_id": null, "number_of_retries": null, "headers": null, "template": 2, "context": null, "backend_alias": ""}}, {"model": "post_office.email", "pk": 11, "fields": {"from_email": "noreply@xyz.com", "to": "['dipanshu.singh@ooumph.com']", "cc": "[]", "bcc": "[]", "subject": "Setup your password", "message": "please edit your password", "html_message": "<!DOCTYPE html>\r\n<html>\r\n<head>\r\n    <title>Ooumph - Your OTP Code</title>\r\n    <style>\r\n        @import url('https://fonts.googleapis.com/css2?family=Roboto:wght@400;700&display=swap');\r\n        body {\r\n            font-family: 'Roboto', sans-serif;\r\n            color: #333333;\r\n            background-color: #f4f4f4;\r\n            margin: 0;\r\n            padding: 0;\r\n        }\r\n        .container {\r\n            width: 80%;\r\n            margin: 50px auto;\r\n            background-color: #ffffff;\r\n            box-shadow: 0 4px 8px rgba(0, 0, 0, 0.1);\r\n            border-radius: 8px;\r\n            overflow: hidden;\r\n        }\r\n        .header {\r\n            background-color: #0288D1;\r\n            color: #ffffff;\r\n            padding: 20px;\r\n            text-align: center;\r\n        }\r\n        .header h1 {\r\n            margin: 0;\r\n            font-size: 24px;\r\n        }\r\n        .content {\r\n            padding: 30px;\r\n            text-align: center;\r\n        }\r\n        .content h2 {\r\n            font-size: 22px;\r\n            color: #0288D1;\r\n            margin-bottom: 10px;\r\n        }\r\n        .content p {\r\n            font-size: 16px;\r\n            margin: 10px 0;\r\n        }\r\n        .otp-code {\r\n            display: inline-block;\r\n            padding: 10px 20px;\r\n            background-color: #f1f1f1;\r\n            font-size: 22px;\r\n            font-weight: bold;\r\n            letter-spacing: 2px;\r\n            margin-top: 10px;\r\n        }\r\n        .footer {\r\n            background-color: #0288D1;\r\n            color: #ffffff;\r\n            padding: 10px;\r\n            text-align: center;\r\n        }\r\n        .svg-icon {\r\n            width: 50px;\r\n            height: 50px;\r\n            margin-bottom: 20px;\r\n        }\r\n    </style>\r\n</head>\r\n<body>\r\n    <div class=\"container\">\r\n        <div class=\"header\">\r\n            <h1>Ooumph</h1>\r\n        </div>\r\n        <div class=\"content\">\r\n            <svg class=\"svg-icon\" xmlns=\"http://www.w3.org/2000/svg\" viewBox=\"0 0 448 512\"><path d=\"M144 144l0 48 160 0 0-48c0-44.2-35.8-80-80-80s-80 35.8-80 80zM80 192l0-48C80 64.5 144.5 0 224 0s144 64.5 144 144l0 48 16 0c35.3 0 64 28.7 64 64l0 192c0 35.3-28.7 64-64 64L64 512c-35.3 0-64-28.7-64-64L0 256c0-35.3 28.7-64 64-64l16 0z\"/></svg>\r\n            <h2>Your OTP Code</h2>\r\n            <p>Thank you for being a valued member of the Ooumph community!</p>\r\n            <p>To ensure the security of your account, please use the OTP code below to verify your identity and reset your password.</p>\r\n            <p>If you did not request this code, please contact our support team immediately.</p>\r\n            <div class=\"otp-code\">870036</div>\r\n        </div>\r\n        <div class=\"footer\">\r\n            <p>&copy; 2024 Ooumph. All rights reserved.</p>\r\n        </div>\r\n    </div>\r\n</body>\r\n</html>", "status": 0, "priority": 3, "created": "2024-08-17T19:11:07.400Z", "last_updated": "2024-08-17T19:11:07.401Z", "scheduled_time": null, "expires_at": null, "message_id": null, "number_of_retries": null, "headers": null, "template": 1, "context": null, "backend_alias": ""}}, {"model": "post_office.email", "pk": 12, "fields": {"from_email": "noreply@xyz.com", "to": "['kojifod904@segichen.com']", "cc": "[]", "bcc": "[]", "subject": "otp verifaction", "message": "Pleae verify your otp", "html_message": "<!DOCTYPE html>\r\n<html>\r\n<head>\r\n    <title>Ooumph - Your OTP Code</title>\r\n    <style>\r\n        @import url('https://fonts.googleapis.com/css2?family=Roboto:wght@400;700&display=swap');\r\n        body {\r\n            font-family: 'Roboto', sans-serif;\r\n            color: #333333;\r\n            background-color: #f4f4f4;\r\n            margin: 0;\r\n            padding: 0;\r\n        }\r\n        .container {\r\n            width: 80%;\r\n            margin: 50px auto;\r\n            background-color: #ffffff;\r\n            box-shadow: 0 4px 8px rgba(0, 0, 0, 0.1);\r\n            border-radius: 10px;\r\n            overflow: hidden;\r\n        }\r\n        .header {\r\n            background-color: #4CAF50;\r\n            color: #ffffff;\r\n            padding: 20px;\r\n            text-align: center;\r\n            border-bottom: 5px solid #0288D1;\r\n        }\r\n        .header h1 {\r\n            margin: 0;\r\n            font-size: 28px;\r\n            letter-spacing: 2px;\r\n        }\r\n        .content {\r\n            padding: 30px;\r\n            text-align: center;\r\n        }\r\n        .content h2 {\r\n            font-size: 22px;\r\n            color: #4CAF50;\r\n            margin-bottom: 10px;\r\n        }\r\n        .content p {\r\n            font-size: 16px;\r\n            margin: 20px 0;\r\n        }\r\n        .otp-code {\r\n            display: inline-block;\r\n            padding: 15px 25px;\r\n            background-color: #f1f1f1;\r\n            font-size: 26px;\r\n            font-weight: bold;\r\n            letter-spacing: 3px;\r\n            color: #0288D1;\r\n            margin-top: 20px;\r\n            border: 2px dashed #0288D1;\r\n            border-radius: 8px;\r\n        }\r\n        .extra-content {\r\n            margin-top: 30px;\r\n            text-align: left;\r\n            padding: 0 20px;\r\n        }\r\n        .extra-content a {\r\n            color: #0288D1;\r\n            text-decoration: none;\r\n        }\r\n        .extra-content a:hover {\r\n            text-decoration: underline;\r\n        }\r\n        .footer {\r\n            background-color: #4CAF50;\r\n            color: #ffffff;\r\n            padding: 15px;\r\n            text-align: center;\r\n            border-top: 5px solid #0288D1;\r\n        }\r\n        .svg-icon {\r\n            width: 60px;\r\n            height: 60px;\r\n            margin-bottom: 20px;\r\n        }\r\n    </style>\r\n</head>\r\n<body>\r\n    <div class=\"container\">\r\n        <div class=\"header\">\r\n            <h1>Ooumph</h1>\r\n        </div>\r\n        <div class=\"content\">\r\n            <svg class=\"svg-icon\" xmlns=\"http://www.w3.org/2000/svg\" viewBox=\"0 0 448 512\"><path d=\"M144 144l0 48 160 0 0-48c0-44.2-35.8-80-80-80s-80 35.8-80 80zM80 192l0-48C80 64.5 144.5 0 224 0s144 64.5 144 144l0 48 16 0c35.3 0 64 28.7 64 64l0 192c0 35.3-28.7 64-64 64L64 512c-35.3 0-64-28.7-64-64L0 256c0-35.3 28.7-64 64-64l16 0z\"/></svg>\r\n            <h2>Your OTP Code</h2>\r\n            <p>Please use the OTP code below to verify your account:</p>\r\n            <div class=\"otp-code\">565341</div>\r\n            <div class=\"extra-content\">\r\n                <p>Welcome to Ooumph! We're excited to have you join our community. To get the most out of your experience, here are a few things you can do:</p>\r\n                <ul>\r\n                    <li>Explore our <a href=\"https://ooumph.com/features\" target=\"_blank\">features</a> to see what we offer.</li>\r\n                    <li>Join our <a href=\"https://ooumph.com/community\" target=\"_blank\">community</a> and start connecting with others.</li>\r\n                    <li>Check out our <a href=\"https://ooumph.com/blog\" target=\"_blank\">blog</a> for the latest updates and tips.</li>\r\n                </ul>\r\n                <p>If you need any assistance, our support team is here to help. <a href=\"https://ooumph.com/support\" target=\"_blank\">Contact Support</a></p>\r\n            </div>\r\n        </div>\r\n        <div class=\"footer\">\r\n            <p>&copy; 2024 Ooumph. All rights reserved.</p>\r\n        </div>\r\n    </div>\r\n</body>\r\n</html>", "status": 0, "priority": 3, "created": "2024-08-17T19:20:26.665Z", "last_updated": "2024-08-17T19:20:26.665Z", "scheduled_time": null, "expires_at": null, "message_id": null, "number_of_retries": null, "headers": null, "template": 2, "context": null, "backend_alias": ""}}, {"model": "post_office.email", "pk": 13, "fields": {"from_email": "noreply@xyz.com", "to": "['dipanshu.singh@ooumph.com']", "cc": "[]", "bcc": "[]", "subject": "Setup your password", "message": "please edit your password", "html_message": "<!DOCTYPE html>\r\n<html>\r\n<head>\r\n    <title>Ooumph - Your OTP Code</title>\r\n    <style>\r\n        @import url('https://fonts.googleapis.com/css2?family=Roboto:wght@400;700&display=swap');\r\n        body {\r\n            font-family: 'Roboto', sans-serif;\r\n            color: #333333;\r\n            background-color: #f4f4f4;\r\n            margin: 0;\r\n            padding: 0;\r\n        }\r\n        .container {\r\n            width: 80%;\r\n            margin: 50px auto;\r\n            background-color: #ffffff;\r\n            box-shadow: 0 4px 8px rgba(0, 0, 0, 0.1);\r\n            border-radius: 8px;\r\n            overflow: hidden;\r\n        }\r\n        .header {\r\n            background-color: #0288D1;\r\n            color: #ffffff;\r\n            padding: 20px;\r\n            text-align: center;\r\n        }\r\n        .header h1 {\r\n            margin: 0;\r\n            font-size: 24px;\r\n        }\r\n        .content {\r\n            padding: 30px;\r\n            text-align: center;\r\n        }\r\n        .content h2 {\r\n            font-size: 22px;\r\n            color: #0288D1;\r\n            margin-bottom: 10px;\r\n        }\r\n        .content p {\r\n            font-size: 16px;\r\n            margin: 10px 0;\r\n        }\r\n        .otp-code {\r\n            display: inline-block;\r\n            padding: 10px 20px;\r\n            background-color: #f1f1f1;\r\n            font-size: 22px;\r\n            font-weight: bold;\r\n            letter-spacing: 2px;\r\n            margin-top: 10px;\r\n        }\r\n        .footer {\r\n            background-color: #0288D1;\r\n            color: #ffffff;\r\n            padding: 10px;\r\n            text-align: center;\r\n        }\r\n        .svg-icon {\r\n            width: 50px;\r\n            height: 50px;\r\n            margin-bottom: 20px;\r\n        }\r\n    </style>\r\n</head>\r\n<body>\r\n    <div class=\"container\">\r\n        <div class=\"header\">\r\n            <h1>Ooumph</h1>\r\n        </div>\r\n        <div class=\"content\">\r\n            <svg class=\"svg-icon\" xmlns=\"http://www.w3.org/2000/svg\" viewBox=\"0 0 448 512\"><path d=\"M144 144l0 48 160 0 0-48c0-44.2-35.8-80-80-80s-80 35.8-80 80zM80 192l0-48C80 64.5 144.5 0 224 0s144 64.5 144 144l0 48 16 0c35.3 0 64 28.7 64 64l0 192c0 35.3-28.7 64-64 64L64 512c-35.3 0-64-28.7-64-64L0 256c0-35.3 28.7-64 64-64l16 0z\"/></svg>\r\n            <h2>Your OTP Code</h2>\r\n            <p>Thank you for being a valued member of the Ooumph community!</p>\r\n            <p>To ensure the security of your account, please use the OTP code below to verify your identity and reset your password.</p>\r\n            <p>If you did not request this code, please contact our support team immediately.</p>\r\n            <div class=\"otp-code\">489983</div>\r\n        </div>\r\n        <div class=\"footer\">\r\n            <p>&copy; 2024 Ooumph. All rights reserved.</p>\r\n        </div>\r\n    </div>\r\n</body>\r\n</html>", "status": 0, "priority": 3, "created": "2024-08-18T08:00:26.488Z", "last_updated": "2024-08-18T08:00:26.488Z", "scheduled_time": null, "expires_at": null, "message_id": null, "number_of_retries": null, "headers": null, "template": 1, "context": null, "backend_alias": ""}}, {"model": "post_office.email", "pk": 14, "fields": {"from_email": "noreply@xyz.com", "to": "['dipanshu.singh@ooumph.com']", "cc": "[]", "bcc": "[]", "subject": "Setup your password", "message": "please edit your password", "html_message": "<!DOCTYPE html>\r\n<html>\r\n<head>\r\n    <title>Ooumph - Your OTP Code</title>\r\n    <style>\r\n        @import url('https://fonts.googleapis.com/css2?family=Roboto:wght@400;700&display=swap');\r\n        body {\r\n            font-family: 'Roboto', sans-serif;\r\n            color: #333333;\r\n            background-color: #f4f4f4;\r\n            margin: 0;\r\n            padding: 0;\r\n        }\r\n        .container {\r\n            width: 80%;\r\n            margin: 50px auto;\r\n            background-color: #ffffff;\r\n            box-shadow: 0 4px 8px rgba(0, 0, 0, 0.1);\r\n            border-radius: 8px;\r\n            overflow: hidden;\r\n        }\r\n        .header {\r\n            background-color: #0288D1;\r\n            color: #ffffff;\r\n            padding: 20px;\r\n            text-align: center;\r\n        }\r\n        .header h1 {\r\n            margin: 0;\r\n            font-size: 24px;\r\n        }\r\n        .content {\r\n            padding: 30px;\r\n            text-align: center;\r\n        }\r\n        .content h2 {\r\n            font-size: 22px;\r\n            color: #0288D1;\r\n            margin-bottom: 10px;\r\n        }\r\n        .content p {\r\n            font-size: 16px;\r\n            margin: 10px 0;\r\n        }\r\n        .otp-code {\r\n            display: inline-block;\r\n            padding: 10px 20px;\r\n            background-color: #f1f1f1;\r\n            font-size: 22px;\r\n            font-weight: bold;\r\n            letter-spacing: 2px;\r\n            margin-top: 10px;\r\n        }\r\n        .footer {\r\n            background-color: #0288D1;\r\n            color: #ffffff;\r\n            padding: 10px;\r\n            text-align: center;\r\n        }\r\n        .svg-icon {\r\n            width: 50px;\r\n            height: 50px;\r\n            margin-bottom: 20px;\r\n        }\r\n    </style>\r\n</head>\r\n<body>\r\n    <div class=\"container\">\r\n        <div class=\"header\">\r\n            <h1>Ooumph</h1>\r\n        </div>\r\n        <div class=\"content\">\r\n            <svg class=\"svg-icon\" xmlns=\"http://www.w3.org/2000/svg\" viewBox=\"0 0 448 512\"><path d=\"M144 144l0 48 160 0 0-48c0-44.2-35.8-80-80-80s-80 35.8-80 80zM80 192l0-48C80 64.5 144.5 0 224 0s144 64.5 144 144l0 48 16 0c35.3 0 64 28.7 64 64l0 192c0 35.3-28.7 64-64 64L64 512c-35.3 0-64-28.7-64-64L0 256c0-35.3 28.7-64 64-64l16 0z\"/></svg>\r\n            <h2>Your OTP Code</h2>\r\n            <p>Thank you for being a valued member of the Ooumph community!</p>\r\n            <p>To ensure the security of your account, please use the OTP code below to verify your identity and reset your password.</p>\r\n            <p>If you did not request this code, please contact our support team immediately.</p>\r\n            <div class=\"otp-code\">469091</div>\r\n        </div>\r\n        <div class=\"footer\">\r\n            <p>&copy; 2024 Ooumph. All rights reserved.</p>\r\n        </div>\r\n    </div>\r\n</body>\r\n</html>", "status": 0, "priority": 3, "created": "2024-08-18T08:27:08.012Z", "last_updated": "2024-08-18T08:27:08.012Z", "scheduled_time": null, "expires_at": null, "message_id": null, "number_of_retries": null, "headers": null, "template": 1, "context": null, "backend_alias": ""}}, {"model": "post_office.email", "pk": 15, "fields": {"from_email": "noreply@xyz.com", "to": "['dipanshu@gmail.com']", "cc": "[]", "bcc": "[]", "subject": "Setup your password", "message": "please edit your password", "html_message": "<!DOCTYPE html>\r\n<html>\r\n<head>\r\n    <title>Ooumph - Your OTP Code</title>\r\n    <style>\r\n        @import url('https://fonts.googleapis.com/css2?family=Roboto:wght@400;700&display=swap');\r\n        body {\r\n            font-family: 'Roboto', sans-serif;\r\n            color: #333333;\r\n            background-color: #f4f4f4;\r\n            margin: 0;\r\n            padding: 0;\r\n        }\r\n        .container {\r\n            width: 80%;\r\n            margin: 50px auto;\r\n            background-color: #ffffff;\r\n            box-shadow: 0 4px 8px rgba(0, 0, 0, 0.1);\r\n            border-radius: 8px;\r\n            overflow: hidden;\r\n        }\r\n        .header {\r\n            background-color: #0288D1;\r\n            color: #ffffff;\r\n            padding: 20px;\r\n            text-align: center;\r\n        }\r\n        .header h1 {\r\n            margin: 0;\r\n            font-size: 24px;\r\n        }\r\n        .content {\r\n            padding: 30px;\r\n            text-align: center;\r\n        }\r\n        .content h2 {\r\n            font-size: 22px;\r\n            color: #0288D1;\r\n            margin-bottom: 10px;\r\n        }\r\n        .content p {\r\n            font-size: 16px;\r\n            margin: 10px 0;\r\n        }\r\n        .otp-code {\r\n            display: inline-block;\r\n            padding: 10px 20px;\r\n            background-color: #f1f1f1;\r\n            font-size: 22px;\r\n            font-weight: bold;\r\n            letter-spacing: 2px;\r\n            margin-top: 10px;\r\n        }\r\n        .footer {\r\n            background-color: #0288D1;\r\n            color: #ffffff;\r\n            padding: 10px;\r\n            text-align: center;\r\n        }\r\n        .svg-icon {\r\n            width: 50px;\r\n            height: 50px;\r\n            margin-bottom: 20px;\r\n        }\r\n    </style>\r\n</head>\r\n<body>\r\n    <div class=\"container\">\r\n        <div class=\"header\">\r\n            <h1>Ooumph</h1>\r\n        </div>\r\n        <div class=\"content\">\r\n            <svg class=\"svg-icon\" xmlns=\"http://www.w3.org/2000/svg\" viewBox=\"0 0 448 512\"><path d=\"M144 144l0 48 160 0 0-48c0-44.2-35.8-80-80-80s-80 35.8-80 80zM80 192l0-48C80 64.5 144.5 0 224 0s144 64.5 144 144l0 48 16 0c35.3 0 64 28.7 64 64l0 192c0 35.3-28.7 64-64 64L64 512c-35.3 0-64-28.7-64-64L0 256c0-35.3 28.7-64 64-64l16 0z\"/></svg>\r\n            <h2>Your OTP Code</h2>\r\n            <p>Thank you for being a valued member of the Ooumph community!</p>\r\n            <p>To ensure the security of your account, please use the OTP code below to verify your identity and reset your password.</p>\r\n            <p>If you did not request this code, please contact our support team immediately.</p>\r\n            <div class=\"otp-code\">666901</div>\r\n        </div>\r\n        <div class=\"footer\">\r\n            <p>&copy; 2024 Ooumph. All rights reserved.</p>\r\n        </div>\r\n    </div>\r\n</body>\r\n</html>", "status": 0, "priority": 3, "created": "2024-08-18T08:39:20.171Z", "last_updated": "2024-08-18T08:39:20.171Z", "scheduled_time": null, "expires_at": null, "message_id": null, "number_of_retries": null, "headers": null, "template": 1, "context": null, "backend_alias": ""}}, {"model": "post_office.email", "pk": 16, "fields": {"from_email": "noreply@xyz.com", "to": "['dipanshu.singh@ooumph.com']", "cc": "[]", "bcc": "[]", "subject": "Setup your password", "message": "please edit your password", "html_message": "<!DOCTYPE html>\r\n<html>\r\n<head>\r\n    <title>Ooumph - Your OTP Code</title>\r\n    <style>\r\n        @import url('https://fonts.googleapis.com/css2?family=Roboto:wght@400;700&display=swap');\r\n        body {\r\n            font-family: 'Roboto', sans-serif;\r\n            color: #333333;\r\n            background-color: #f4f4f4;\r\n            margin: 0;\r\n            padding: 0;\r\n        }\r\n        .container {\r\n            width: 80%;\r\n            margin: 50px auto;\r\n            background-color: #ffffff;\r\n            box-shadow: 0 4px 8px rgba(0, 0, 0, 0.1);\r\n            border-radius: 8px;\r\n            overflow: hidden;\r\n        }\r\n        .header {\r\n            background-color: #0288D1;\r\n            color: #ffffff;\r\n            padding: 20px;\r\n            text-align: center;\r\n        }\r\n        .header h1 {\r\n            margin: 0;\r\n            font-size: 24px;\r\n        }\r\n        .content {\r\n            padding: 30px;\r\n            text-align: center;\r\n        }\r\n        .content h2 {\r\n            font-size: 22px;\r\n            color: #0288D1;\r\n            margin-bottom: 10px;\r\n        }\r\n        .content p {\r\n            font-size: 16px;\r\n            margin: 10px 0;\r\n        }\r\n        .otp-code {\r\n            display: inline-block;\r\n            padding: 10px 20px;\r\n            background-color: #f1f1f1;\r\n            font-size: 22px;\r\n            font-weight: bold;\r\n            letter-spacing: 2px;\r\n            margin-top: 10px;\r\n        }\r\n        .footer {\r\n            background-color: #0288D1;\r\n            color: #ffffff;\r\n            padding: 10px;\r\n            text-align: center;\r\n        }\r\n        .svg-icon {\r\n            width: 50px;\r\n            height: 50px;\r\n            margin-bottom: 20px;\r\n        }\r\n    </style>\r\n</head>\r\n<body>\r\n    <div class=\"container\">\r\n        <div class=\"header\">\r\n            <h1>Ooumph</h1>\r\n        </div>\r\n        <div class=\"content\">\r\n            <svg class=\"svg-icon\" xmlns=\"http://www.w3.org/2000/svg\" viewBox=\"0 0 448 512\"><path d=\"M144 144l0 48 160 0 0-48c0-44.2-35.8-80-80-80s-80 35.8-80 80zM80 192l0-48C80 64.5 144.5 0 224 0s144 64.5 144 144l0 48 16 0c35.3 0 64 28.7 64 64l0 192c0 35.3-28.7 64-64 64L64 512c-35.3 0-64-28.7-64-64L0 256c0-35.3 28.7-64 64-64l16 0z\"/></svg>\r\n            <h2>Your OTP Code</h2>\r\n            <p>Thank you for being a valued member of the Ooumph community!</p>\r\n            <p>To ensure the security of your account, please use the OTP code below to verify your identity and reset your password.</p>\r\n            <p>If you did not request this code, please contact our support team immediately.</p>\r\n            <div class=\"otp-code\">673678</div>\r\n        </div>\r\n        <div class=\"footer\">\r\n            <p>&copy; 2024 Ooumph. All rights reserved.</p>\r\n        </div>\r\n    </div>\r\n</body>\r\n</html>", "status": 0, "priority": 3, "created": "2024-08-18T08:58:40.977Z", "last_updated": "2024-08-18T08:58:40.977Z", "scheduled_time": null, "expires_at": null, "message_id": null, "number_of_retries": null, "headers": null, "template": 1, "context": null, "backend_alias": ""}}, {"model": "post_office.email", "pk": 17, "fields": {"from_email": "noreply@xyz.com", "to": "['dipanshu.singh@ooumph.com']", "cc": "[]", "bcc": "[]", "subject": "Setup your password", "message": "please edit your password", "html_message": "<!DOCTYPE html>\r\n<html>\r\n<head>\r\n    <title>Ooumph - Your OTP Code</title>\r\n    <style>\r\n        @import url('https://fonts.googleapis.com/css2?family=Roboto:wght@400;700&display=swap');\r\n        body {\r\n            font-family: 'Roboto', sans-serif;\r\n            color: #333333;\r\n            background-color: #f4f4f4;\r\n            margin: 0;\r\n            padding: 0;\r\n        }\r\n        .container {\r\n            width: 80%;\r\n            margin: 50px auto;\r\n            background-color: #ffffff;\r\n            box-shadow: 0 4px 8px rgba(0, 0, 0, 0.1);\r\n            border-radius: 8px;\r\n            overflow: hidden;\r\n        }\r\n        .header {\r\n            background-color: #0288D1;\r\n            color: #ffffff;\r\n            padding: 20px;\r\n            text-align: center;\r\n        }\r\n        .header h1 {\r\n            margin: 0;\r\n            font-size: 24px;\r\n        }\r\n        .content {\r\n            padding: 30px;\r\n            text-align: center;\r\n        }\r\n        .content h2 {\r\n            font-size: 22px;\r\n            color: #0288D1;\r\n            margin-bottom: 10px;\r\n        }\r\n        .content p {\r\n            font-size: 16px;\r\n            margin: 10px 0;\r\n        }\r\n        .otp-code {\r\n            display: inline-block;\r\n            padding: 10px 20px;\r\n            background-color: #f1f1f1;\r\n            font-size: 22px;\r\n            font-weight: bold;\r\n            letter-spacing: 2px;\r\n            margin-top: 10px;\r\n        }\r\n        .footer {\r\n            background-color: #0288D1;\r\n            color: #ffffff;\r\n            padding: 10px;\r\n            text-align: center;\r\n        }\r\n        .svg-icon {\r\n            width: 50px;\r\n            height: 50px;\r\n            margin-bottom: 20px;\r\n        }\r\n    </style>\r\n</head>\r\n<body>\r\n    <div class=\"container\">\r\n        <div class=\"header\">\r\n            <h1>Ooumph</h1>\r\n        </div>\r\n        <div class=\"content\">\r\n            <svg class=\"svg-icon\" xmlns=\"http://www.w3.org/2000/svg\" viewBox=\"0 0 448 512\"><path d=\"M144 144l0 48 160 0 0-48c0-44.2-35.8-80-80-80s-80 35.8-80 80zM80 192l0-48C80 64.5 144.5 0 224 0s144 64.5 144 144l0 48 16 0c35.3 0 64 28.7 64 64l0 192c0 35.3-28.7 64-64 64L64 512c-35.3 0-64-28.7-64-64L0 256c0-35.3 28.7-64 64-64l16 0z\"/></svg>\r\n            <h2>Your OTP Code</h2>\r\n            <p>Thank you for being a valued member of the Ooumph community!</p>\r\n            <p>To ensure the security of your account, please use the OTP code below to verify your identity and reset your password.</p>\r\n            <p>If you did not request this code, please contact our support team immediately.</p>\r\n            <div class=\"otp-code\">561807</div>\r\n        </div>\r\n        <div class=\"footer\">\r\n            <p>&copy; 2024 Ooumph. All rights reserved.</p>\r\n        </div>\r\n    </div>\r\n</body>\r\n</html>", "status": 0, "priority": 3, "created": "2024-08-18T08:59:40.511Z", "last_updated": "2024-08-18T08:59:40.511Z", "scheduled_time": null, "expires_at": null, "message_id": null, "number_of_retries": null, "headers": null, "template": 1, "context": null, "backend_alias": ""}}, {"model": "post_office.email", "pk": 18, "fields": {"from_email": "noreply@xyz.com", "to": "['dipanshu.singh@ooumph.com']", "cc": "[]", "bcc": "[]", "subject": "Setup your password", "message": "please edit your password", "html_message": "<!DOCTYPE html>\r\n<html>\r\n<head>\r\n    <title>Ooumph - Your OTP Code</title>\r\n    <style>\r\n        @import url('https://fonts.googleapis.com/css2?family=Roboto:wght@400;700&display=swap');\r\n        body {\r\n            font-family: 'Roboto', sans-serif;\r\n            color: #333333;\r\n            background-color: #f4f4f4;\r\n            margin: 0;\r\n            padding: 0;\r\n        }\r\n        .container {\r\n            width: 80%;\r\n            margin: 50px auto;\r\n            background-color: #ffffff;\r\n            box-shadow: 0 4px 8px rgba(0, 0, 0, 0.1);\r\n            border-radius: 8px;\r\n            overflow: hidden;\r\n        }\r\n        .header {\r\n            background-color: #0288D1;\r\n            color: #ffffff;\r\n            padding: 20px;\r\n            text-align: center;\r\n        }\r\n        .header h1 {\r\n            margin: 0;\r\n            font-size: 24px;\r\n        }\r\n        .content {\r\n            padding: 30px;\r\n            text-align: center;\r\n        }\r\n        .content h2 {\r\n            font-size: 22px;\r\n            color: #0288D1;\r\n            margin-bottom: 10px;\r\n        }\r\n        .content p {\r\n            font-size: 16px;\r\n            margin: 10px 0;\r\n        }\r\n        .otp-code {\r\n            display: inline-block;\r\n            padding: 10px 20px;\r\n            background-color: #f1f1f1;\r\n            font-size: 22px;\r\n            font-weight: bold;\r\n            letter-spacing: 2px;\r\n            margin-top: 10px;\r\n        }\r\n        .footer {\r\n            background-color: #0288D1;\r\n            color: #ffffff;\r\n            padding: 10px;\r\n            text-align: center;\r\n        }\r\n        .svg-icon {\r\n            width: 50px;\r\n            height: 50px;\r\n            margin-bottom: 20px;\r\n        }\r\n    </style>\r\n</head>\r\n<body>\r\n    <div class=\"container\">\r\n        <div class=\"header\">\r\n            <h1>Ooumph</h1>\r\n        </div>\r\n        <div class=\"content\">\r\n            <svg class=\"svg-icon\" xmlns=\"http://www.w3.org/2000/svg\" viewBox=\"0 0 448 512\"><path d=\"M144 144l0 48 160 0 0-48c0-44.2-35.8-80-80-80s-80 35.8-80 80zM80 192l0-48C80 64.5 144.5 0 224 0s144 64.5 144 144l0 48 16 0c35.3 0 64 28.7 64 64l0 192c0 35.3-28.7 64-64 64L64 512c-35.3 0-64-28.7-64-64L0 256c0-35.3 28.7-64 64-64l16 0z\"/></svg>\r\n            <h2>Your OTP Code</h2>\r\n            <p>Thank you for being a valued member of the Ooumph community!</p>\r\n            <p>To ensure the security of your account, please use the OTP code below to verify your identity and reset your password.</p>\r\n            <p>If you did not request this code, please contact our support team immediately.</p>\r\n            <div class=\"otp-code\">508286</div>\r\n        </div>\r\n        <div class=\"footer\">\r\n            <p>&copy; 2024 Ooumph. All rights reserved.</p>\r\n        </div>\r\n    </div>\r\n</body>\r\n</html>", "status": 0, "priority": 3, "created": "2024-08-18T09:04:16.930Z", "last_updated": "2024-08-18T09:04:16.930Z", "scheduled_time": null, "expires_at": null, "message_id": null, "number_of_retries": null, "headers": null, "template": 1, "context": null, "backend_alias": ""}}, {"model": "post_office.email", "pk": 19, "fields": {"from_email": "noreply@xyz.com", "to": "['dipanshu.singh@ooumph.com']", "cc": "[]", "bcc": "[]", "subject": "Setup your password", "message": "please edit your password", "html_message": "<!DOCTYPE html>\r\n<html>\r\n<head>\r\n    <title>Ooumph - Your OTP Code</title>\r\n    <style>\r\n        @import url('https://fonts.googleapis.com/css2?family=Roboto:wght@400;700&display=swap');\r\n        body {\r\n            font-family: 'Roboto', sans-serif;\r\n            color: #333333;\r\n            background-color: #f4f4f4;\r\n            margin: 0;\r\n            padding: 0;\r\n        }\r\n        .container {\r\n            width: 80%;\r\n            margin: 50px auto;\r\n            background-color: #ffffff;\r\n            box-shadow: 0 4px 8px rgba(0, 0, 0, 0.1);\r\n            border-radius: 8px;\r\n            overflow: hidden;\r\n        }\r\n        .header {\r\n            background-color: #0288D1;\r\n            color: #ffffff;\r\n            padding: 20px;\r\n            text-align: center;\r\n        }\r\n        .header h1 {\r\n            margin: 0;\r\n            font-size: 24px;\r\n        }\r\n        .content {\r\n            padding: 30px;\r\n            text-align: center;\r\n        }\r\n        .content h2 {\r\n            font-size: 22px;\r\n            color: #0288D1;\r\n            margin-bottom: 10px;\r\n        }\r\n        .content p {\r\n            font-size: 16px;\r\n            margin: 10px 0;\r\n        }\r\n        .otp-code {\r\n            display: inline-block;\r\n            padding: 10px 20px;\r\n            background-color: #f1f1f1;\r\n            font-size: 22px;\r\n            font-weight: bold;\r\n            letter-spacing: 2px;\r\n            margin-top: 10px;\r\n        }\r\n        .footer {\r\n            background-color: #0288D1;\r\n            color: #ffffff;\r\n            padding: 10px;\r\n            text-align: center;\r\n        }\r\n        .svg-icon {\r\n            width: 50px;\r\n            height: 50px;\r\n            margin-bottom: 20px;\r\n        }\r\n    </style>\r\n</head>\r\n<body>\r\n    <div class=\"container\">\r\n        <div class=\"header\">\r\n            <h1>Ooumph</h1>\r\n        </div>\r\n        <div class=\"content\">\r\n            <svg class=\"svg-icon\" xmlns=\"http://www.w3.org/2000/svg\" viewBox=\"0 0 448 512\"><path d=\"M144 144l0 48 160 0 0-48c0-44.2-35.8-80-80-80s-80 35.8-80 80zM80 192l0-48C80 64.5 144.5 0 224 0s144 64.5 144 144l0 48 16 0c35.3 0 64 28.7 64 64l0 192c0 35.3-28.7 64-64 64L64 512c-35.3 0-64-28.7-64-64L0 256c0-35.3 28.7-64 64-64l16 0z\"/></svg>\r\n            <h2>Your OTP Code</h2>\r\n            <p>Thank you for being a valued member of the Ooumph community!</p>\r\n            <p>To ensure the security of your account, please use the OTP code below to verify your identity and reset your password.</p>\r\n            <p>If you did not request this code, please contact our support team immediately.</p>\r\n            <div class=\"otp-code\">552381</div>\r\n        </div>\r\n        <div class=\"footer\">\r\n            <p>&copy; 2024 Ooumph. All rights reserved.</p>\r\n        </div>\r\n    </div>\r\n</body>\r\n</html>", "status": 0, "priority": 3, "created": "2024-08-18T09:07:36.646Z", "last_updated": "2024-08-18T09:07:36.646Z", "scheduled_time": null, "expires_at": null, "message_id": null, "number_of_retries": null, "headers": null, "template": 1, "context": null, "backend_alias": ""}}, {"model": "post_office.email", "pk": 20, "fields": {"from_email": "noreply@xyz.com", "to": "['dipanshu.singh@ooumph.com']", "cc": "[]", "bcc": "[]", "subject": "Setup your password", "message": "please edit your password", "html_message": "<!DOCTYPE html>\r\n<html>\r\n<head>\r\n    <title>Ooumph - Your OTP Code</title>\r\n    <style>\r\n        @import url('https://fonts.googleapis.com/css2?family=Roboto:wght@400;700&display=swap');\r\n        body {\r\n            font-family: 'Roboto', sans-serif;\r\n            color: #333333;\r\n            background-color: #f4f4f4;\r\n            margin: 0;\r\n            padding: 0;\r\n        }\r\n        .container {\r\n            width: 80%;\r\n            margin: 50px auto;\r\n            background-color: #ffffff;\r\n            box-shadow: 0 4px 8px rgba(0, 0, 0, 0.1);\r\n            border-radius: 8px;\r\n            overflow: hidden;\r\n        }\r\n        .header {\r\n            background-color: #0288D1;\r\n            color: #ffffff;\r\n            padding: 20px;\r\n            text-align: center;\r\n        }\r\n        .header h1 {\r\n            margin: 0;\r\n            font-size: 24px;\r\n        }\r\n        .content {\r\n            padding: 30px;\r\n            text-align: center;\r\n        }\r\n        .content h2 {\r\n            font-size: 22px;\r\n            color: #0288D1;\r\n            margin-bottom: 10px;\r\n        }\r\n        .content p {\r\n            font-size: 16px;\r\n            margin: 10px 0;\r\n        }\r\n        .otp-code {\r\n            display: inline-block;\r\n            padding: 10px 20px;\r\n            background-color: #f1f1f1;\r\n            font-size: 22px;\r\n            font-weight: bold;\r\n            letter-spacing: 2px;\r\n            margin-top: 10px;\r\n        }\r\n        .footer {\r\n            background-color: #0288D1;\r\n            color: #ffffff;\r\n            padding: 10px;\r\n            text-align: center;\r\n        }\r\n        .svg-icon {\r\n            width: 50px;\r\n            height: 50px;\r\n            margin-bottom: 20px;\r\n        }\r\n    </style>\r\n</head>\r\n<body>\r\n    <div class=\"container\">\r\n        <div class=\"header\">\r\n            <h1>Ooumph</h1>\r\n        </div>\r\n        <div class=\"content\">\r\n            <svg class=\"svg-icon\" xmlns=\"http://www.w3.org/2000/svg\" viewBox=\"0 0 448 512\"><path d=\"M144 144l0 48 160 0 0-48c0-44.2-35.8-80-80-80s-80 35.8-80 80zM80 192l0-48C80 64.5 144.5 0 224 0s144 64.5 144 144l0 48 16 0c35.3 0 64 28.7 64 64l0 192c0 35.3-28.7 64-64 64L64 512c-35.3 0-64-28.7-64-64L0 256c0-35.3 28.7-64 64-64l16 0z\"/></svg>\r\n            <h2>Your OTP Code</h2>\r\n            <p>Thank you for being a valued member of the Ooumph community!</p>\r\n            <p>To ensure the security of your account, please use the OTP code below to verify your identity and reset your password.</p>\r\n            <p>If you did not request this code, please contact our support team immediately.</p>\r\n            <div class=\"otp-code\">970374</div>\r\n        </div>\r\n        <div class=\"footer\">\r\n            <p>&copy; 2024 Ooumph. All rights reserved.</p>\r\n        </div>\r\n    </div>\r\n</body>\r\n</html>", "status": 0, "priority": 3, "created": "2024-08-18T09:13:49.789Z", "last_updated": "2024-08-18T09:13:49.789Z", "scheduled_time": null, "expires_at": null, "message_id": null, "number_of_retries": null, "headers": null, "template": 1, "context": null, "backend_alias": ""}}, {"model": "post_office.log", "pk": 1, "fields": {"email": 1, "date": "2024-07-27T09:00:22.515Z", "status": 0, "exception_type": "", "message": ""}}, {"model": "post_office.log", "pk": 2, "fields": {"email": 2, "date": "2024-07-27T09:02:40.247Z", "status": 0, "exception_type": "", "message": ""}}, {"model": "post_office.log", "pk": 3, "fields": {"email": 3, "date": "2024-07-27T09:09:32.511Z", "status": 0, "exception_type": "", "message": ""}}, {"model": "post_office.log", "pk": 4, "fields": {"email": 4, "date": "2024-07-27T09:14:48.515Z", "status": 0, "exception_type": "", "message": ""}}, {"model": "post_office.log", "pk": 5, "fields": {"email": 5, "date": "2024-07-27T09:42:36.434Z", "status": 0, "exception_type": "", "message": ""}}, {"model": "post_office.log", "pk": 6, "fields": {"email": 6, "date": "2024-07-29T05:02:45.487Z", "status": 0, "exception_type": "", "message": ""}}, {"model": "post_office.log", "pk": 7, "fields": {"email": 7, "date": "2024-08-01T04:56:10.386Z", "status": 0, "exception_type": "", "message": ""}}, {"model": "post_office.log", "pk": 8, "fields": {"email": 8, "date": "2024-08-01T09:38:10.014Z", "status": 0, "exception_type": "", "message": ""}}, {"model": "post_office.log", "pk": 9, "fields": {"email": 9, "date": "2024-08-16T13:43:21.050Z", "status": 0, "exception_type": "", "message": ""}}, {"model": "post_office.log", "pk": 10, "fields": {"email": 10, "date": "2024-08-17T14:01:27.496Z", "status": 0, "exception_type": "", "message": ""}}, {"model": "post_office.log", "pk": 11, "fields": {"email": 11, "date": "2024-08-17T19:11:08.650Z", "status": 0, "exception_type": "", "message": ""}}, {"model": "post_office.log", "pk": 12, "fields": {"email": 12, "date": "2024-08-17T19:20:27.807Z", "status": 0, "exception_type": "", "message": ""}}, {"model": "post_office.log", "pk": 13, "fields": {"email": 13, "date": "2024-08-18T08:00:27.858Z", "status": 0, "exception_type": "", "message": ""}}, {"model": "post_office.log", "pk": 14, "fields": {"email": 14, "date": "2024-08-18T08:27:08.991Z", "status": 0, "exception_type": "", "message": ""}}, {"model": "post_office.log", "pk": 15, "fields": {"email": 15, "date": "2024-08-18T08:39:21.072Z", "status": 0, "exception_type": "", "message": ""}}, {"model": "post_office.log", "pk": 16, "fields": {"email": 16, "date": "2024-08-18T08:58:41.830Z", "status": 0, "exception_type": "", "message": ""}}, {"model": "post_office.log", "pk": 17, "fields": {"email": 17, "date": "2024-08-18T08:59:41.297Z", "status": 0, "exception_type": "", "message": ""}}, {"model": "post_office.log", "pk": 18, "fields": {"email": 18, "date": "2024-08-18T09:04:17.837Z", "status": 0, "exception_type": "", "message": ""}}, {"model": "post_office.log", "pk": 19, "fields": {"email": 19, "date": "2024-08-18T09:07:37.396Z", "status": 0, "exception_type": "", "message": ""}}, {"model": "post_office.log", "pk": 20, "fields": {"email": 20, "date": "2024-08-18T09:13:50.556Z", "status": 0, "exception_type": "", "message": ""}}, {"model": "post_office.emailtemplate", "pk": 1, "fields": {"name": "forget_password", "description": "Forget password", "created": "2024-07-27T08:53:37.940Z", "last_updated": "2024-07-27T09:09:15.976Z", "subject": "Setup your password", "content": "please edit your password", "html_content": "<!DOCTYPE html>\r\n<html>\r\n<head>\r\n    <title>Ooumph - Your OTP Code</title>\r\n    <style>\r\n        @import url('https://fonts.googleapis.com/css2?family=Roboto:wght@400;700&display=swap');\r\n        body {\r\n            font-family: 'Roboto', sans-serif;\r\n            color: #333333;\r\n            background-color: #f4f4f4;\r\n            margin: 0;\r\n            padding: 0;\r\n        }\r\n        .container {\r\n            width: 80%;\r\n            margin: 50px auto;\r\n            background-color: #ffffff;\r\n            box-shadow: 0 4px 8px rgba(0, 0, 0, 0.1);\r\n            border-radius: 8px;\r\n            overflow: hidden;\r\n        }\r\n        .header {\r\n            background-color: #0288D1;\r\n            color: #ffffff;\r\n            padding: 20px;\r\n            text-align: center;\r\n        }\r\n        .header h1 {\r\n            margin: 0;\r\n            font-size: 24px;\r\n        }\r\n        .content {\r\n            padding: 30px;\r\n            text-align: center;\r\n        }\r\n        .content h2 {\r\n            font-size: 22px;\r\n            color: #0288D1;\r\n            margin-bottom: 10px;\r\n        }\r\n        .content p {\r\n            font-size: 16px;\r\n            margin: 10px 0;\r\n        }\r\n        .otp-code {\r\n            display: inline-block;\r\n            padding: 10px 20px;\r\n            background-color: #f1f1f1;\r\n            font-size: 22px;\r\n            font-weight: bold;\r\n            letter-spacing: 2px;\r\n            margin-top: 10px;\r\n        }\r\n        .footer {\r\n            background-color: #0288D1;\r\n            color: #ffffff;\r\n            padding: 10px;\r\n            text-align: center;\r\n        }\r\n        .svg-icon {\r\n            width: 50px;\r\n            height: 50px;\r\n            margin-bottom: 20px;\r\n        }\r\n    </style>\r\n</head>\r\n<body>\r\n    <div class=\"container\">\r\n        <div class=\"header\">\r\n            <h1>Ooumph</h1>\r\n        </div>\r\n        <div class=\"content\">\r\n            <svg class=\"svg-icon\" xmlns=\"http://www.w3.org/2000/svg\" viewBox=\"0 0 448 512\"><path d=\"M144 144l0 48 160 0 0-48c0-44.2-35.8-80-80-80s-80 35.8-80 80zM80 192l0-48C80 64.5 144.5 0 224 0s144 64.5 144 144l0 48 16 0c35.3 0 64 28.7 64 64l0 192c0 35.3-28.7 64-64 64L64 512c-35.3 0-64-28.7-64-64L0 256c0-35.3 28.7-64 64-64l16 0z\"/></svg>\r\n            <h2>Your OTP Code</h2>\r\n            <p>Thank you for being a valued member of the Ooumph community!</p>\r\n            <p>To ensure the security of your account, please use the OTP code below to verify your identity and reset your password.</p>\r\n            <p>If you did not request this code, please contact our support team immediately.</p>\r\n            <div class=\"otp-code\">{{otp_code}}</div>\r\n        </div>\r\n        <div class=\"footer\">\r\n            <p>&copy; 2024 Ooumph. All rights reserved.</p>\r\n        </div>\r\n    </div>\r\n</body>\r\n</html>", "language": "", "default_template": null}}, {"model": "post_office.emailtemplate", "pk": 2, "fields": {"name": "otp", "description": "OTP Email Template", "created": "2024-07-27T08:54:13.562Z", "last_updated": "2024-07-27T09:14:25.654Z", "subject": "otp verifaction", "content": "Pleae verify your otp", "html_content": "<!DOCTYPE html>\r\n<html>\r\n<head>\r\n    <title>Ooumph - Your OTP Code</title>\r\n    <style>\r\n        @import url('https://fonts.googleapis.com/css2?family=Roboto:wght@400;700&display=swap');\r\n        body {\r\n            font-family: 'Roboto', sans-serif;\r\n            color: #333333;\r\n            background-color: #f4f4f4;\r\n            margin: 0;\r\n            padding: 0;\r\n        }\r\n        .container {\r\n            width: 80%;\r\n            margin: 50px auto;\r\n            background-color: #ffffff;\r\n            box-shadow: 0 4px 8px rgba(0, 0, 0, 0.1);\r\n            border-radius: 10px;\r\n            overflow: hidden;\r\n        }\r\n        .header {\r\n            background-color: #4CAF50;\r\n            color: #ffffff;\r\n            padding: 20px;\r\n            text-align: center;\r\n            border-bottom: 5px solid #0288D1;\r\n        }\r\n        .header h1 {\r\n            margin: 0;\r\n            font-size: 28px;\r\n            letter-spacing: 2px;\r\n        }\r\n        .content {\r\n            padding: 30px;\r\n            text-align: center;\r\n        }\r\n        .content h2 {\r\n            font-size: 22px;\r\n            color: #4CAF50;\r\n            margin-bottom: 10px;\r\n        }\r\n        .content p {\r\n            font-size: 16px;\r\n            margin: 20px 0;\r\n        }\r\n        .otp-code {\r\n            display: inline-block;\r\n            padding: 15px 25px;\r\n            background-color: #f1f1f1;\r\n            font-size: 26px;\r\n            font-weight: bold;\r\n            letter-spacing: 3px;\r\n            color: #0288D1;\r\n            margin-top: 20px;\r\n            border: 2px dashed #0288D1;\r\n            border-radius: 8px;\r\n        }\r\n        .extra-content {\r\n            margin-top: 30px;\r\n            text-align: left;\r\n            padding: 0 20px;\r\n        }\r\n        .extra-content a {\r\n            color: #0288D1;\r\n            text-decoration: none;\r\n        }\r\n        .extra-content a:hover {\r\n            text-decoration: underline;\r\n        }\r\n        .footer {\r\n            background-color: #4CAF50;\r\n            color: #ffffff;\r\n            padding: 15px;\r\n            text-align: center;\r\n            border-top: 5px solid #0288D1;\r\n        }\r\n        .svg-icon {\r\n            width: 60px;\r\n            height: 60px;\r\n            margin-bottom: 20px;\r\n        }\r\n    </style>\r\n</head>\r\n<body>\r\n    <div class=\"container\">\r\n        <div class=\"header\">\r\n            <h1>Ooumph</h1>\r\n        </div>\r\n        <div class=\"content\">\r\n            <svg class=\"svg-icon\" xmlns=\"http://www.w3.org/2000/svg\" viewBox=\"0 0 448 512\"><path d=\"M144 144l0 48 160 0 0-48c0-44.2-35.8-80-80-80s-80 35.8-80 80zM80 192l0-48C80 64.5 144.5 0 224 0s144 64.5 144 144l0 48 16 0c35.3 0 64 28.7 64 64l0 192c0 35.3-28.7 64-64 64L64 512c-35.3 0-64-28.7-64-64L0 256c0-35.3 28.7-64 64-64l16 0z\"/></svg>\r\n            <h2>Your OTP Code</h2>\r\n            <p>Please use the OTP code below to verify your account:</p>\r\n            <div class=\"otp-code\">{{otp_code}}</div>\r\n            <div class=\"extra-content\">\r\n                <p>Welcome to Ooumph! We're excited to have you join our community. To get the most out of your experience, here are a few things you can do:</p>\r\n                <ul>\r\n                    <li>Explore our <a href=\"https://ooumph.com/features\" target=\"_blank\">features</a> to see what we offer.</li>\r\n                    <li>Join our <a href=\"https://ooumph.com/community\" target=\"_blank\">community</a> and start connecting with others.</li>\r\n                    <li>Check out our <a href=\"https://ooumph.com/blog\" target=\"_blank\">blog</a> for the latest updates and tips.</li>\r\n                </ul>\r\n                <p>If you need any assistance, our support team is here to help. <a href=\"https://ooumph.com/support\" target=\"_blank\">Contact Support</a></p>\r\n            </div>\r\n        </div>\r\n        <div class=\"footer\">\r\n            <p>&copy; 2024 Ooumph. All rights reserved.</p>\r\n        </div>\r\n    </div>\r\n</body>\r\n</html>", "language": "", "default_template": null}}, {"model": "auth_manager.otp", "pk": 3, "fields": {"user": 4, "otp": "943002", "purpose": "EnumMeta.FORGET_PASSWORD", "created_at": "2024-07-27T08:28:30.354Z", "expires_at": "2024-07-27T08:38:30.353Z"}}, {"model": "auth_manager.otp", "pk": 4, "fields": {"user": 4, "otp": "018207", "purpose": "EnumMeta.FORGET_PASSWORD", "created_at": "2024-07-27T09:00:20.890Z", "expires_at": "2024-07-27T09:10:20.890Z"}}, {"model": "auth_manager.otp", "pk": 5, "fields": {"user": 4, "otp": "888182", "purpose": "EnumMeta.FORGET_PASSWORD", "created_at": "2024-07-27T09:02:39.413Z", "expires_at": "2024-07-27T09:12:39.412Z"}}, {"model": "auth_manager.otp", "pk": 6, "fields": {"user": 4, "otp": "939580", "purpose": "EnumMeta.FORGET_PASSWORD", "created_at": "2024-07-27T09:09:31.533Z", "expires_at": "2024-07-27T09:19:31.532Z"}}, {"model": "auth_manager.otp", "pk": 7, "fields": {"user": 4, "otp": "463298", "purpose": "EnumMeta.EMAIL_VERIFICATION", "created_at": "2024-07-27T09:14:47.705Z", "expires_at": "2024-07-27T09:24:47.705Z"}}, {"model": "auth_manager.otp", "pk": 8, "fields": {"user": 4, "otp": "113818", "purpose": "EnumMeta.EMAIL_VERIFICATION", "created_at": "2024-07-27T09:42:35.449Z", "expires_at": "2024-07-27T09:52:35.448Z"}}, {"model": "auth_manager.otp", "pk": 11, "fields": {"user": 6, "otp": "656077", "purpose": "EnumMeta.FORGET_PASSWORD", "created_at": "2024-08-01T09:38:08.561Z", "expires_at": "2024-08-01T09:48:08.560Z"}}, {"model": "auth_manager.otp", "pk": 14, "fields": {"user": 6, "otp": "870036", "purpose": "EnumMeta.FORGET_PASSWORD", "created_at": "2024-08-17T19:11:07.382Z", "expires_at": "2024-08-17T19:21:07.381Z"}}, {"model": "auth_manager.otp", "pk": 15, "fields": {"user": 16, "otp": "565341", "purpose": "EnumMeta.EMAIL_VERIFICATION", "created_at": "2024-08-17T19:20:26.657Z", "expires_at": "2024-08-17T19:30:26.657Z"}}, {"model": "auth_manager.otp", "pk": 17, "fields": {"user": 6, "otp": "469091", "purpose": "EnumMeta.FORGET_PASSWORD", "created_at": "2024-08-18T08:27:07.999Z", "expires_at": "2024-08-18T08:37:07.998Z"}}, {"model": "auth_manager.otp", "pk": 18, "fields": {"user": 10, "otp": "666901", "purpose": "EnumMeta.FORGET_PASSWORD", "created_at": "2024-08-18T08:39:20.163Z", "expires_at": "2024-08-18T08:49:20.163Z"}}, {"model": "auth_manager.otp", "pk": 19, "fields": {"user": 6, "otp": "673678", "purpose": "EnumMeta.FORGET_PASSWORD", "created_at": "2024-08-18T08:58:40.969Z", "expires_at": "2024-08-18T09:08:40.968Z"}}, {"model": "auth_manager.otp", "pk": 23, "fields": {"user": 6, "otp": "970374", "purpose": "EnumMeta.FORGET_PASSWORD", "created_at": "2024-08-18T09:13:49.782Z", "expires_at": "2024-08-18T09:23:49.781Z"}}]